plantName,urls
Aloe Vera,"https://inaturalist-open-data.s3.amazonaws.com/photos/619891026/original.jpg,https://inaturalist-open-data.s3.amazonaws.com/photos/619891028/original.jpg,https://inaturalist-open-data.s3.amazonaws.com/photos/619876895/original.jpg,https://inaturalist-open-data.s3.amazonaws.com/photos/619852908/original.jpg,https://static.inaturalist.org/photos/619840451/original.jpg,https://inaturalist-open-data.s3.amazonaws.com/photos/619837841/original.jpg"
Basil,"https://inaturalist-open-data.s3.amazonaws.com/photos/619907188/original.jpg,https://inaturalist-open-data.s3.amazonaws.com/photos/619894523/original.jpg,https://inaturalist-open-data.s3.amazonaws.com/photos/619894732/original.jpg,https://inaturalist-open-data.s3.amazonaws.com/photos/619881369/original.jpg,https://inaturalist-open-data.s3.amazonaws.com/photos/619881401/original.jpg,https://inaturalist-open-data.s3.amazonaws.com/photos/619880027/original.jpg,https://inaturalist-open-data.s3.amazonaws.com/photos/619880066/original.jpg,https://inaturalist-open-data.s3.amazonaws.com/photos/619875057/original.jpg"
Snake Plant,"https://inaturalist-open-data.s3.amazonaws.com/photos/619904401/original.jpg,https://inaturalist-open-data.s3.amazonaws.com/photos/619901387/original.jpg,https://inaturalist-open-data.s3.amazonaws.com/photos/619901368/original.jpg,https://inaturalist-open-data.s3.amazonaws.com/photos/619891552/original.jpg,https://inaturalist-open-data.s3.amazonaws.com/photos/619879873/original.jpg,https://inaturalist-open-data.s3.amazonaws.com/photos/619869175/original.jpg"
Lavender,"https://static.inaturalist.org/photos/619912519/original.jpg,https://static.inaturalist.org/photos/619910843/original.jpg,https://inaturalist-open-data.s3.amazonaws.com/photos/619906616/original.jpg,https://static.inaturalist.org/photos/619902466/original.jpg,https://inaturalist-open-data.s3.amazonaws.com/photos/619893786/original.jpg,https://inaturalist-open-data.s3.amazonaws.com/photos/619893824/original.jpg"
Cactus,"https://inaturalist-open-data.s3.amazonaws.com/photos/619912841/original.jpg,https://inaturalist-open-data.s3.amazonaws.com/photos/619912835/original.jpg,https://inaturalist-open-data.s3.amazonaws.com/photos/619912847/original.jpg,https://inaturalist-open-data.s3.amazonaws.com/photos/619912266/original.jpg,https://inaturalist-open-data.s3.amazonaws.com/photos/619912268/original.jpg,https://inaturalist-open-data.s3.amazonaws.com/photos/619911607/original.jpg,https://inaturalist-open-data.s3.amazonaws.com/photos/619911678/original.jpg,https://inaturalist-open-data.s3.amazonaws.com/photos/619911469/original.jpg,https://static.inaturalist.org/photos/619912167/original.jpg,https://inaturalist-open-data.s3.amazonaws.com/photos/619911943/original.jpg"
Rosemary,"https://inaturalist-open-data.s3.amazonaws.com/photos/619908318/original.jpg,https://inaturalist-open-data.s3.amazonaws.com/photos/619891787/original.jpg,https://inaturalist-open-data.s3.amazonaws.com/photos/619891821/original.jpg,https://inaturalist-open-data.s3.amazonaws.com/photos/619909196/original.jpg,https://inaturalist-open-data.s3.amazonaws.com/photos/619909218/original.jpg,https://inaturalist-open-data.s3.amazonaws.com/photos/619905291/original.jpg,https://inaturalist-open-data.s3.amazonaws.com/photos/619892264/original.jpg,https://inaturalist-open-data.s3.amazonaws.com/photos/619892253/original.jpg,https://inaturalist-open-data.s3.amazonaws.com/photos/619892243/original.jpg"
Mint,"https://static.inaturalist.org/photos/619909053/original.jpg,https://inaturalist-open-data.s3.amazonaws.com/photos/619909339/original.jpg,https://inaturalist-open-data.s3.amazonaws.com/photos/619905228/original.jpg,https://inaturalist-open-data.s3.amazonaws.com/photos/619905247/original.jpg,https://inaturalist-open-data.s3.amazonaws.com/photos/619903637/original.jpg,https://inaturalist-open-data.s3.amazonaws.com/photos/619905167/original.jpg,https://inaturalist-open-data.s3.amazonaws.com/photos/619905177/original.jpg,https://inaturalist-open-data.s3.amazonaws.com/photos/619905205/original.jpg,https://inaturalist-open-data.s3.amazonaws.com/photos/619905234/original.jpg,https://inaturalist-open-data.s3.amazonaws.com/photos/619901910/original.jpg"
Thyme,"https://inaturalist-open-data.s3.amazonaws.com/photos/619908386/original.jpg,https://inaturalist-open-data.s3.amazonaws.com/photos/619908398/original.jpg,https://inaturalist-open-data.s3.amazonaws.com/photos/619908407/original.jpg,https://inaturalist-open-data.s3.amazonaws.com/photos/619882612/original.jpg,https://static.inaturalist.org/photos/619910416/original.jpg,https://inaturalist-open-data.s3.amazonaws.com/photos/619902955/original.jpg,https://inaturalist-open-data.s3.amazonaws.com/photos/619898707/original.jpg"
Peace Lily,"https://inaturalist-open-data.s3.amazonaws.com/photos/619751041/original.jpg,https://inaturalist-open-data.s3.amazonaws.com/photos/619729068/original.jpg,https://inaturalist-open-data.s3.amazonaws.com/photos/619729099/original.jpg,https://inaturalist-open-data.s3.amazonaws.com/photos/619729117/original.jpg,https://inaturalist-open-data.s3.amazonaws.com/photos/619729135/original.jpg,https://inaturalist-open-data.s3.amazonaws.com/photos/619751057/original.jpg,https://inaturalist-open-data.s3.amazonaws.com/photos/619674889/original.jpg,https://inaturalist-open-data.s3.amazonaws.com/photos/619653213/original.jpg,https://inaturalist-open-data.s3.amazonaws.com/photos/619530439/original.jpg,https://inaturalist-open-data.s3.amazonaws.com/photos/619528959/original.jpg"
Spider Plant,"https://inaturalist-open-data.s3.amazonaws.com/photos/619853520/original.jpg,https://inaturalist-open-data.s3.amazonaws.com/photos/619853007/original.jpg,https://inaturalist-open-data.s3.amazonaws.com/photos/619855064/original.jpg,https://inaturalist-open-data.s3.amazonaws.com/photos/619821066/original.jpg,https://inaturalist-open-data.s3.amazonaws.com/photos/619821093/original.jpg,https://inaturalist-open-data.s3.amazonaws.com/photos/619794901/original.jpg"
Parsley,"https://inaturalist-open-data.s3.amazonaws.com/photos/619884034/original.jpg,https://inaturalist-open-data.s3.amazonaws.com/photos/619884116/original.jpg,https://inaturalist-open-data.s3.amazonaws.com/photos/619884109/original.jpg,https://inaturalist-open-data.s3.amazonaws.com/photos/619908390/original.jpg,https://inaturalist-open-data.s3.amazonaws.com/photos/619900074/original.jpg,https://inaturalist-open-data.s3.amazonaws.com/photos/619900107/original.jpg,https://inaturalist-open-data.s3.amazonaws.com/photos/619900150/original.jpg,https://inaturalist-open-data.s3.amazonaws.com/photos/619899135/original.jpg,https://inaturalist-open-data.s3.amazonaws.com/photos/619899009/original.jpg"
Fern (Boston),"https://inaturalist-open-data.s3.amazonaws.com/photos/619900012/original.jpg,https://inaturalist-open-data.s3.amazonaws.com/photos/619900589/original.jpg,https://inaturalist-open-data.s3.amazonaws.com/photos/619900623/original.jpg,https://inaturalist-open-data.s3.amazonaws.com/photos/619861409/original.jpg,https://inaturalist-open-data.s3.amazonaws.com/photos/619853712/original.jpg,https://static.inaturalist.org/photos/619842907/original.jpg,https://inaturalist-open-data.s3.amazonaws.com/photos/619819408/original.jpg"
Bamboo Palm,"https://inaturalist-open-data.s3.amazonaws.com/photos/619859114/original.jpg,https://inaturalist-open-data.s3.amazonaws.com/photos/619854082/original.jpg,https://inaturalist-open-data.s3.amazonaws.com/photos/619803759/original.jpg,https://inaturalist-open-data.s3.amazonaws.com/photos/619795163/original.jpg,https://inaturalist-open-data.s3.amazonaws.com/photos/619795007/original.jpg"
Money Plant,"https://inaturalist-open-data.s3.amazonaws.com/photos/619884486/original.jpg,https://inaturalist-open-data.s3.amazonaws.com/photos/619863512/original.jpg,https://inaturalist-open-data.s3.amazonaws.com/photos/619853363/original.jpg,https://static.inaturalist.org/photos/619845348/original.jpg,https://inaturalist-open-data.s3.amazonaws.com/photos/619809604/original.jpg,https://inaturalist-open-data.s3.amazonaws.com/photos/619809687/original.jpg"
Jade Plant,"https://inaturalist-open-data.s3.amazonaws.com/photos/619890687/original.jpg,https://inaturalist-open-data.s3.amazonaws.com/photos/619868278/original.jpg,https://static.inaturalist.org/photos/619832898/original.jpg,https://static.inaturalist.org/photos/619832908/original.jpg,https://static.inaturalist.org/photos/619832918/original.jpg,https://static.inaturalist.org/photos/619791838/original.jpg,https://static.inaturalist.org/photos/619784621/original.jpg,https://static.inaturalist.org/photos/619784629/original.jpg,https://static.inaturalist.org/photos/619784640/original.jpg"
Orchids,"https://inaturalist-open-data.s3.amazonaws.com/photos/619910581/original.jpg,https://inaturalist-open-data.s3.amazonaws.com/photos/619908633/original.jpg,https://inaturalist-open-data.s3.amazonaws.com/photos/619908204/original.jpg,https://inaturalist-open-data.s3.amazonaws.com/photos/619911545/original.jpg,https://inaturalist-open-data.s3.amazonaws.com/photos/619911587/original.jpg,https://inaturalist-open-data.s3.amazonaws.com/photos/619909335/original.jpg,https://inaturalist-open-data.s3.amazonaws.com/photos/619909332/original.jpg,https://inaturalist-open-data.s3.amazonaws.com/photos/619909838/original.jpg,https://inaturalist-open-data.s3.amazonaws.com/photos/619909839/original.jpg,https://inaturalist-open-data.s3.amazonaws.com/photos/619909858/original.jpg,https://inaturalist-open-data.s3.amazonaws.com/photos/619909866/original.jpg,https://inaturalist-open-data.s3.amazonaws.com/photos/619909869/original.jpg,https://inaturalist-open-data.s3.amazonaws.com/photos/619909893/original.jpg"
Cilantro,"https://inaturalist-open-data.s3.amazonaws.com/photos/619843953/original.jpg,https://inaturalist-open-data.s3.amazonaws.com/photos/619843960/original.jpg,https://inaturalist-open-data.s3.amazonaws.com/photos/619843728/original.jpg,https://inaturalist-open-data.s3.amazonaws.com/photos/619843710/original.jpg,https://inaturalist-open-data.s3.amazonaws.com/photos/619842644/original.jpg,https://inaturalist-open-data.s3.amazonaws.com/photos/619842654/original.jpg,https://inaturalist-open-data.s3.amazonaws.com/photos/619842623/original.jpg,https://inaturalist-open-data.s3.amazonaws.com/photos/619842679/original.jpg,https://inaturalist-open-data.s3.amazonaws.com/photos/619842718/original.jpg,https://inaturalist-open-data.s3.amazonaws.com/photos/619842721/original.jpg,https://inaturalist-open-data.s3.amazonaws.com/photos/619842642/original.jpg,https://inaturalist-open-data.s3.amazonaws.com/photos/619842677/original.jpg,https://inaturalist-open-data.s3.amazonaws.com/photos/619842725/original.jpg,https://inaturalist-open-data.s3.amazonaws.com/photos/619842710/original.jpg,https://inaturalist-open-data.s3.amazonaws.com/photos/619842713/original.jpg,https://inaturalist-open-data.s3.amazonaws.com/photos/619842727/original.jpg,https://inaturalist-open-data.s3.amazonaws.com/photos/619841633/original.jpg,https://inaturalist-open-data.s3.amazonaws.com/photos/619842874/original.jpg,https://inaturalist-open-data.s3.amazonaws.com/photos/619834952/original.jpg"
Dill,"https://inaturalist-open-data.s3.amazonaws.com/photos/619804439/original.jpg,https://inaturalist-open-data.s3.amazonaws.com/photos/619599426/original.jpg,https://inaturalist-open-data.s3.amazonaws.com/photos/619599432/original.jpg,https://inaturalist-open-data.s3.amazonaws.com/photos/619599434/original.jpg,https://inaturalist-open-data.s3.amazonaws.com/photos/619599436/original.jpg,https://inaturalist-open-data.s3.amazonaws.com/photos/619599440/original.jpg,https://inaturalist-open-data.s3.amazonaws.com/photos/619541924/original.jpg,https://static.inaturalist.org/photos/619459995/original.jpg,https://static.inaturalist.org/photos/619171456/original.jpg"
Chives,"https://inaturalist-open-data.s3.amazonaws.com/photos/619910211/original.jpg,https://inaturalist-open-data.s3.amazonaws.com/photos/619910071/original.jpg,https://inaturalist-open-data.s3.amazonaws.com/photos/619910113/original.jpg,https://inaturalist-open-data.s3.amazonaws.com/photos/619910257/original.jpg,https://inaturalist-open-data.s3.amazonaws.com/photos/619910363/original.jpg,https://inaturalist-open-data.s3.amazonaws.com/photos/619910446/original.jpg,https://inaturalist-open-data.s3.amazonaws.com/photos/619910474/original.jpg,https://inaturalist-open-data.s3.amazonaws.com/photos/619910569/original.jpg,https://inaturalist-open-data.s3.amazonaws.com/photos/619851189/original.jpg,https://inaturalist-open-data.s3.amazonaws.com/photos/619761693/original.jpg,https://inaturalist-open-data.s3.amazonaws.com/photos/619761697/original.jpg,https://inaturalist-open-data.s3.amazonaws.com/photos/619761692/original.jpg,https://inaturalist-open-data.s3.amazonaws.com/photos/619733972/original.jpg,https://inaturalist-open-data.s3.amazonaws.com/photos/619733993/original.jpg,https://inaturalist-open-data.s3.amazonaws.com/photos/619480584/original.jpg,https://inaturalist-open-data.s3.amazonaws.com/photos/619480603/original.jpg,https://inaturalist-open-data.s3.amazonaws.com/photos/619480591/original.jpg,https://inaturalist-open-data.s3.amazonaws.com/photos/619480611/original.jpg"
Oregano,"https://static.inaturalist.org/photos/619879299/original.jpg,https://inaturalist-open-data.s3.amazonaws.com/photos/619875735/original.jpg,https://inaturalist-open-data.s3.amazonaws.com/photos/619875755/original.jpg,https://inaturalist-open-data.s3.amazonaws.com/photos/619870372/original.jpg,https://inaturalist-open-data.s3.amazonaws.com/photos/619870400/original.jpg,https://inaturalist-open-data.s3.amazonaws.com/photos/619870416/original.jpg,https://inaturalist-open-data.s3.amazonaws.com/photos/619867507/original.jpg,https://inaturalist-open-data.s3.amazonaws.com/photos/619849719/original.jpg,https://inaturalist-open-data.s3.amazonaws.com/photos/619849858/original.jpg,https://inaturalist-open-data.s3.amazonaws.com/photos/619849934/original.jpg"
Pothos,"https://inaturalist-open-data.s3.amazonaws.com/photos/619884486/original.jpg,https://inaturalist-open-data.s3.amazonaws.com/photos/619863512/original.jpg,https://inaturalist-open-data.s3.amazonaws.com/photos/619853363/original.jpg,https://static.inaturalist.org/photos/619845348/original.jpg,https://static.inaturalist.org/photos/619817000/original.jpg"
Rubber Plant,"https://inaturalist-open-data.s3.amazonaws.com/photos/619862939/original.jpg,https://static.inaturalist.org/photos/619852493/original.jpg,https://static.inaturalist.org/photos/619846861/original.jpg,https://inaturalist-open-data.s3.amazonaws.com/photos/619792597/original.jpg,https://inaturalist-open-data.s3.amazonaws.com/photos/619795206/original.jpg"
Bougainvillea,"https://inaturalist-open-data.s3.amazonaws.com/photos/619895146/original.jpg,https://inaturalist-open-data.s3.amazonaws.com/photos/619879523/original.jpg,https://static.inaturalist.org/photos/619879219/original.jpg,https://static.inaturalist.org/photos/619879251/original.jpg,https://inaturalist-open-data.s3.amazonaws.com/photos/619873159/original.jpg,https://static.inaturalist.org/photos/619865957/original.jpg"
Fiddle Leaf Fig,"https://inaturalist-open-data.s3.amazonaws.com/photos/619872812/original.jpg,https://inaturalist-open-data.s3.amazonaws.com/photos/619716038/original.jpg,https://inaturalist-open-data.s3.amazonaws.com/photos/619697418/original.jpg,https://inaturalist-open-data.s3.amazonaws.com/photos/619697496/original.jpg,https://inaturalist-open-data.s3.amazonaws.com/photos/619614046/original.jpg,https://inaturalist-open-data.s3.amazonaws.com/photos/619541207/original.jpg,https://inaturalist-open-data.s3.amazonaws.com/photos/619541216/original.jpg"
Sage,"https://inaturalist-open-data.s3.amazonaws.com/photos/619912738/original.jpg,https://inaturalist-open-data.s3.amazonaws.com/photos/619912226/original.jpg,https://static.inaturalist.org/photos/619911954/original.jpg,https://inaturalist-open-data.s3.amazonaws.com/photos/619911717/original.jpg,https://inaturalist-open-data.s3.amazonaws.com/photos/619911270/original.jpg"
Cosmos,"https://static.inaturalist.org/photos/619912208/original.jpg,https://static.inaturalist.org/photos/619912237/original.jpg,https://static.inaturalist.org/photos/619912293/original.jpg,https://inaturalist-open-data.s3.amazonaws.com/photos/619900455/original.jpg,https://inaturalist-open-data.s3.amazonaws.com/photos/619879114/original.jpg,https://inaturalist-open-data.s3.amazonaws.com/photos/619880210/original.jpg,https://inaturalist-open-data.s3.amazonaws.com/photos/619876853/original.jpg"
Geranium,"https://inaturalist-open-data.s3.amazonaws.com/photos/619912858/original.jpg,https://inaturalist-open-data.s3.amazonaws.com/photos/619912811/original.jpg,https://inaturalist-open-data.s3.amazonaws.com/photos/619911543/original.jpg,https://inaturalist-open-data.s3.amazonaws.com/photos/619911035/original.jpg,https://inaturalist-open-data.s3.amazonaws.com/photos/619911079/original.jpg,https://inaturalist-open-data.s3.amazonaws.com/photos/619911117/original.jpg,https://inaturalist-open-data.s3.amazonaws.com/photos/619702159/original.jpg,https://inaturalist-open-data.s3.amazonaws.com/photos/619702185/original.jpg,https://inaturalist-open-data.s3.amazonaws.com/photos/619909650/original.jpg"
Marigold,"https://inaturalist-open-data.s3.amazonaws.com/photos/619911096/original.jpg,https://inaturalist-open-data.s3.amazonaws.com/photos/619911177/original.jpg,https://inaturalist-open-data.s3.amazonaws.com/photos/619911255/original.jpg,https://inaturalist-open-data.s3.amazonaws.com/photos/619911327/original.jpg,https://static.inaturalist.org/photos/619903099/original.jpg,https://inaturalist-open-data.s3.amazonaws.com/photos/619907123/original.jpg,https://inaturalist-open-data.s3.amazonaws.com/photos/619906517/original.jpg,https://inaturalist-open-data.s3.amazonaws.com/photos/619905303/original.jpg"
Zinnia,"https://static.inaturalist.org/photos/619884596/original.jpg,https://inaturalist-open-data.s3.amazonaws.com/photos/619871668/original.jpg,https://inaturalist-open-data.s3.amazonaws.com/photos/619871871/original.jpg,https://inaturalist-open-data.s3.amazonaws.com/photos/619872035/original.jpg,https://static.inaturalist.org/photos/619865872/original.jpg,https://inaturalist-open-data.s3.amazonaws.com/photos/619863573/original.jpg,https://inaturalist-open-data.s3.amazonaws.com/photos/619852351/original.jpg"
Hibiscus,"https://inaturalist-open-data.s3.amazonaws.com/photos/619910958/original.jpg,https://inaturalist-open-data.s3.amazonaws.com/photos/619908619/original.jpg,https://static.inaturalist.org/photos/619898552/original.jpg,https://inaturalist-open-data.s3.amazonaws.com/photos/619893772/original.jpg,https://inaturalist-open-data.s3.amazonaws.com/photos/619893767/original.jpg,https://inaturalist-open-data.s3.amazonaws.com/photos/619893775/original.jpg,https://inaturalist-open-data.s3.amazonaws.com/photos/619893773/original.jpg,https://inaturalist-open-data.s3.amazonaws.com/photos/619893776/original.jpg,https://inaturalist-open-data.s3.amazonaws.com/photos/619893777/original.jpg,https://static.inaturalist.org/photos/619893038/original.jpg"
Begonia,"https://inaturalist-open-data.s3.amazonaws.com/photos/619899714/original.jpg,https://inaturalist-open-data.s3.amazonaws.com/photos/619899225/original.jpg,https://inaturalist-open-data.s3.amazonaws.com/photos/619899269/original.jpg,https://inaturalist-open-data.s3.amazonaws.com/photos/619897657/original.jpg,https://inaturalist-open-data.s3.amazonaws.com/photos/619888880/original.jpg,https://inaturalist-open-data.s3.amazonaws.com/photos/619864838/original.jpg"
Chrysanthemum,"https://inaturalist-open-data.s3.amazonaws.com/photos/619909673/original.jpg,https://static.inaturalist.org/photos/619903099/original.jpg,https://static.inaturalist.org/photos/619898922/original.jpg,https://static.inaturalist.org/photos/619898924/original.jpg,https://static.inaturalist.org/photos/619898926/original.jpg,https://static.inaturalist.org/photos/619898931/original.jpg,https://static.inaturalist.org/photos/619898934/original.jpg,https://inaturalist-open-data.s3.amazonaws.com/photos/619894719/original.jpg,https://inaturalist-open-data.s3.amazonaws.com/photos/619878596/original.jpg"
Daffodil,"https://inaturalist-open-data.s3.amazonaws.com/photos/619912378/original.jpg,https://inaturalist-open-data.s3.amazonaws.com/photos/619912309/original.jpg,https://inaturalist-open-data.s3.amazonaws.com/photos/619911408/original.jpg,https://inaturalist-open-data.s3.amazonaws.com/photos/619909134/original.jpg,https://static.inaturalist.org/photos/619906501/original.jpg,https://inaturalist-open-data.s3.amazonaws.com/photos/619903720/original.jpg"
Sunflower,"https://inaturalist-open-data.s3.amazonaws.com/photos/619912547/original.jpg,https://inaturalist-open-data.s3.amazonaws.com/photos/619912539/original.jpg,https://inaturalist-open-data.s3.amazonaws.com/photos/619912557/original.jpg,https://inaturalist-open-data.s3.amazonaws.com/photos/619912554/original.jpg,https://inaturalist-open-data.s3.amazonaws.com/photos/619912561/original.jpg,https://inaturalist-open-data.s3.amazonaws.com/photos/619912555/original.jpg,https://inaturalist-open-data.s3.amazonaws.com/photos/619912542/original.jpg,https://inaturalist-open-data.s3.amazonaws.com/photos/619910911/original.jpg,https://inaturalist-open-data.s3.amazonaws.com/photos/619910905/original.jpg,https://inaturalist-open-data.s3.amazonaws.com/photos/619910892/original.jpg,https://inaturalist-open-data.s3.amazonaws.com/photos/619910907/original.jpg,https://inaturalist-open-data.s3.amazonaws.com/photos/619910896/original.jpg,https://inaturalist-open-data.s3.amazonaws.com/photos/619910894/original.jpg,https://inaturalist-open-data.s3.amazonaws.com/photos/619908171/original.jpg,https://inaturalist-open-data.s3.amazonaws.com/photos/619904106/original.jpg,https://inaturalist-open-data.s3.amazonaws.com/photos/619897356/original.jpg"
Tulip,"https://static.inaturalist.org/photos/619904206/original.jpg,https://inaturalist-open-data.s3.amazonaws.com/photos/619899642/original.jpg,https://inaturalist-open-data.s3.amazonaws.com/photos/619912916/original.jpg,https://inaturalist-open-data.s3.amazonaws.com/photos/619913133/original.jpg,https://inaturalist-open-data.s3.amazonaws.com/photos/619896650/original.jpg,https://inaturalist-open-data.s3.amazonaws.com/photos/619894535/original.jpg,https://inaturalist-open-data.s3.amazonaws.com/photos/619894645/original.jpg"
Peony,"https://inaturalist-open-data.s3.amazonaws.com/photos/619889192/original.jpg,https://inaturalist-open-data.s3.amazonaws.com/photos/619775056/original.jpg,https://static.inaturalist.org/photos/619756156/original.jpg,https://inaturalist-open-data.s3.amazonaws.com/photos/619464041/original.jpg,https://inaturalist-open-data.s3.amazonaws.com/photos/619463947/original.jpg,https://inaturalist-open-data.s3.amazonaws.com/photos/619464002/original.jpg"
Jasmine,"https://inaturalist-open-data.s3.amazonaws.com/photos/619907866/original.jpg,https://inaturalist-open-data.s3.amazonaws.com/photos/619906600/original.jpg,https://inaturalist-open-data.s3.amazonaws.com/photos/619906598/original.jpg,https://static.inaturalist.org/photos/619905463/original.jpg,https://static.inaturalist.org/photos/619905468/original.jpg,https://static.inaturalist.org/photos/619905473/original.jpg,https://static.inaturalist.org/photos/619905479/original.jpg,https://inaturalist-open-data.s3.amazonaws.com/photos/619903318/original.jpg,https://inaturalist-open-data.s3.amazonaws.com/photos/619903342/original.jpg,https://inaturalist-open-data.s3.amazonaws.com/photos/619903372/original.jpg,https://inaturalist-open-data.s3.amazonaws.com/photos/619901080/original.jpg,https://inaturalist-open-data.s3.amazonaws.com/photos/619902864/original.jpg"
Ivy,"https://inaturalist-open-data.s3.amazonaws.com/photos/619908139/original.jpg,https://inaturalist-open-data.s3.amazonaws.com/photos/619912220/original.jpg,https://inaturalist-open-data.s3.amazonaws.com/photos/619910300/original.jpg,https://inaturalist-open-data.s3.amazonaws.com/photos/619891019/original.jpg,https://inaturalist-open-data.s3.amazonaws.com/photos/619890808/original.jpg,https://inaturalist-open-data.s3.amazonaws.com/photos/619890810/original.jpg,https://inaturalist-open-data.s3.amazonaws.com/photos/619907709/original.jpg"
Nasturtium,"https://static.inaturalist.org/photos/619913129/original.jpg,https://inaturalist-open-data.s3.amazonaws.com/photos/619912490/original.jpg,https://inaturalist-open-data.s3.amazonaws.com/photos/619912024/original.jpg,https://static.inaturalist.org/photos/619912091/original.jpg,https://static.inaturalist.org/photos/619912118/original.jpg,https://static.inaturalist.org/photos/619912142/original.jpg,https://static.inaturalist.org/photos/619912164/original.jpg,https://static.inaturalist.org/photos/619912190/original.jpg,https://static.inaturalist.org/photos/619912219/original.jpg,https://static.inaturalist.org/photos/619912246/original.jpg,https://inaturalist-open-data.s3.amazonaws.com/photos/619903370/original.jpg,https://inaturalist-open-data.s3.amazonaws.com/photos/619903381/original.jpg"
Petunia,"https://inaturalist-open-data.s3.amazonaws.com/photos/619874527/original.jpg,https://inaturalist-open-data.s3.amazonaws.com/photos/619858756/original.jpg,https://inaturalist-open-data.s3.amazonaws.com/photos/619854529/original.jpg,https://inaturalist-open-data.s3.amazonaws.com/photos/619850912/original.jpg,https://inaturalist-open-data.s3.amazonaws.com/photos/619850877/original.jpg"
Carnation,"https://inaturalist-open-data.s3.amazonaws.com/photos/619908836/original.jpg,https://static.inaturalist.org/photos/619901515/original.jpg,https://static.inaturalist.org/photos/619901519/original.jpg,https://inaturalist-open-data.s3.amazonaws.com/photos/619548728/original.jpg,https://inaturalist-open-data.s3.amazonaws.com/photos/619548483/original.jpg,https://inaturalist-open-data.s3.amazonaws.com/photos/619548456/original.jpg,https://inaturalist-open-data.s3.amazonaws.com/photos/619548387/original.jpg,https://inaturalist-open-data.s3.amazonaws.com/photos/619548300/original.jpg,https://inaturalist-open-data.s3.amazonaws.com/photos/619548490/original.jpg,https://inaturalist-open-data.s3.amazonaws.com/photos/619879611/original.jpg,https://inaturalist-open-data.s3.amazonaws.com/photos/619879646/original.jpg,https://inaturalist-open-data.s3.amazonaws.com/photos/619878098/original.jpg"
Snapdragon,"https://static.inaturalist.org/photos/619913055/original.jpg,https://static.inaturalist.org/photos/619913071/original.jpg,https://static.inaturalist.org/photos/619913088/original.jpg,https://inaturalist-open-data.s3.amazonaws.com/photos/619911544/original.jpg,https://inaturalist-open-data.s3.amazonaws.com/photos/619910298/original.jpg,https://inaturalist-open-data.s3.amazonaws.com/photos/619906832/original.jpg,https://inaturalist-open-data.s3.amazonaws.com/photos/619898112/original.jpg"
Pansy,"https://inaturalist-open-data.s3.amazonaws.com/photos/619912631/original.jpg,https://inaturalist-open-data.s3.amazonaws.com/photos/619912656/original.jpg,https://inaturalist-open-data.s3.amazonaws.com/photos/619912679/original.jpg,https://inaturalist-open-data.s3.amazonaws.com/photos/619911761/original.jpg,https://inaturalist-open-data.s3.amazonaws.com/photos/619909057/original.jpg,https://inaturalist-open-data.s3.amazonaws.com/photos/619909081/original.jpg,https://inaturalist-open-data.s3.amazonaws.com/photos/619906445/original.jpg,https://static.inaturalist.org/photos/619906247/original.jpg,https://static.inaturalist.org/photos/619906295/original.jpg,https://static.inaturalist.org/photos/619906338/original.jpg"
Sweet Pea,"https://inaturalist-open-data.s3.amazonaws.com/photos/619895431/original.jpg,https://inaturalist-open-data.s3.amazonaws.com/photos/619580623/original.jpg,https://inaturalist-open-data.s3.amazonaws.com/photos/619580663/original.jpg,https://inaturalist-open-data.s3.amazonaws.com/photos/619868254/original.jpg,https://inaturalist-open-data.s3.amazonaws.com/photos/619841380/original.jpg,https://inaturalist-open-data.s3.amazonaws.com/photos/619832802/original.jpg"
Morning Glory,"https://inaturalist-open-data.s3.amazonaws.com/photos/619909901/original.jpg,https://inaturalist-open-data.s3.amazonaws.com/photos/619904921/original.jpg,https://inaturalist-open-data.s3.amazonaws.com/photos/619904097/original.jpg,https://static.inaturalist.org/photos/619901711/original.jpg,https://static.inaturalist.org/photos/619901733/original.jpg,https://inaturalist-open-data.s3.amazonaws.com/photos/619897830/original.jpg"
Verbena,"https://inaturalist-open-data.s3.amazonaws.com/photos/619911731/original.jpg,https://inaturalist-open-data.s3.amazonaws.com/photos/619912005/original.jpg,https://inaturalist-open-data.s3.amazonaws.com/photos/619912047/original.jpg,https://inaturalist-open-data.s3.amazonaws.com/photos/619912057/original.jpg,https://inaturalist-open-data.s3.amazonaws.com/photos/619908556/original.jpg,https://inaturalist-open-data.s3.amazonaws.com/photos/619904139/original.jpg,https://inaturalist-open-data.s3.amazonaws.com/photos/619904137/original.jpg,https://inaturalist-open-data.s3.amazonaws.com/photos/619907174/original.jpg,https://inaturalist-open-data.s3.amazonaws.com/photos/619906361/original.jpg,https://inaturalist-open-data.s3.amazonaws.com/photos/619906414/original.jpg,https://inaturalist-open-data.s3.amazonaws.com/photos/619906475/original.jpg,https://inaturalist-open-data.s3.amazonaws.com/photos/619906525/original.jpg"
Gerbera Daisy,"https://inaturalist-open-data.s3.amazonaws.com/photos/619662044/original.jpg,https://inaturalist-open-data.s3.amazonaws.com/photos/619548695/original.jpg,https://inaturalist-open-data.s3.amazonaws.com/photos/619496600/original.jpg,https://inaturalist-open-data.s3.amazonaws.com/photos/619423836/original.jpg,https://static.inaturalist.org/photos/619200971/original.jpg"
Anemone,"https://inaturalist-open-data.s3.amazonaws.com/photos/619912151/original.jpg,https://inaturalist-open-data.s3.amazonaws.com/photos/619912133/original.jpg,https://inaturalist-open-data.s3.amazonaws.com/photos/619913367/original.jpg,https://inaturalist-open-data.s3.amazonaws.com/photos/619913397/original.jpg,https://inaturalist-open-data.s3.amazonaws.com/photos/619913415/original.jpg,https://inaturalist-open-data.s3.amazonaws.com/photos/619910170/original.jpg,https://inaturalist-open-data.s3.amazonaws.com/photos/619910176/original.jpg,https://static.inaturalist.org/photos/619913095/original.jpg,https://inaturalist-open-data.s3.amazonaws.com/photos/619908282/original.jpg"
Hyacinth,"https://inaturalist-open-data.s3.amazonaws.com/photos/619886445/original.jpg,https://inaturalist-open-data.s3.amazonaws.com/photos/619886506/original.jpg,https://static.inaturalist.org/photos/619911866/original.jpg,https://static.inaturalist.org/photos/619911494/original.jpg,https://static.inaturalist.org/photos/619911521/original.jpg,https://inaturalist-open-data.s3.amazonaws.com/photos/619910540/original.jpg,https://inaturalist-open-data.s3.amazonaws.com/photos/619913091/original.jpg,https://static.inaturalist.org/photos/619911024/original.jpg,https://static.inaturalist.org/photos/619911043/original.jpg"
Crocus,"https://inaturalist-open-data.s3.amazonaws.com/photos/619913357/original.jpg,https://inaturalist-open-data.s3.amazonaws.com/photos/619913371/original.jpg,https://inaturalist-open-data.s3.amazonaws.com/photos/619909685/original.jpg,https://inaturalist-open-data.s3.amazonaws.com/photos/619909702/original.jpg,https://inaturalist-open-data.s3.amazonaws.com/photos/619909714/original.jpg,https://inaturalist-open-data.s3.amazonaws.com/photos/619912010/original.jpg,https://static.inaturalist.org/photos/619908849/original.jpg,https://static.inaturalist.org/photos/619908883/original.jpg,https://static.inaturalist.org/photos/619908905/original.jpg,https://inaturalist-open-data.s3.amazonaws.com/photos/619908594/original.jpg"
Dandelion,"https://inaturalist-open-data.s3.amazonaws.com/photos/619914132/original.jpg,https://inaturalist-open-data.s3.amazonaws.com/photos/619914157/original.jpg,https://inaturalist-open-data.s3.amazonaws.com/photos/619912658/original.jpg,https://inaturalist-open-data.s3.amazonaws.com/photos/619912659/original.jpg,https://inaturalist-open-data.s3.amazonaws.com/photos/619912478/original.jpg,https://static.inaturalist.org/photos/619909306/original.jpg,https://static.inaturalist.org/photos/619909343/original.jpg,https://static.inaturalist.org/photos/619909380/original.jpg,https://inaturalist-open-data.s3.amazonaws.com/photos/619908518/original.jpg"
Foxglove,"https://inaturalist-open-data.s3.amazonaws.com/photos/619882218/original.jpg,https://inaturalist-open-data.s3.amazonaws.com/photos/619899993/original.jpg,https://inaturalist-open-data.s3.amazonaws.com/photos/619896258/original.jpg,https://inaturalist-open-data.s3.amazonaws.com/photos/619890543/original.jpg,https://inaturalist-open-data.s3.amazonaws.com/photos/619890497/original.jpg,https://inaturalist-open-data.s3.amazonaws.com/photos/619890532/original.jpg,https://inaturalist-open-data.s3.amazonaws.com/photos/619878552/original.jpg"
Bluebell,"https://inaturalist-open-data.s3.amazonaws.com/photos/619886445/original.jpg,https://inaturalist-open-data.s3.amazonaws.com/photos/619886506/original.jpg,https://inaturalist-open-data.s3.amazonaws.com/photos/619892352/original.jpg,https://inaturalist-open-data.s3.amazonaws.com/photos/619898639/original.jpg,https://inaturalist-open-data.s3.amazonaws.com/photos/619894775/original.jpg,https://inaturalist-open-data.s3.amazonaws.com/photos/619887677/original.jpg,https://inaturalist-open-data.s3.amazonaws.com/photos/619887698/original.jpg,https://inaturalist-open-data.s3.amazonaws.com/photos/619887713/original.jpg,https://inaturalist-open-data.s3.amazonaws.com/photos/619887744/original.jpg,https://inaturalist-open-data.s3.amazonaws.com/photos/619887761/original.jpg,https://inaturalist-open-data.s3.amazonaws.com/photos/619887771/original.jpg,https://inaturalist-open-data.s3.amazonaws.com/photos/619887799/original.jpg,https://inaturalist-open-data.s3.amazonaws.com/photos/619887830/original.jpg,https://inaturalist-open-data.s3.amazonaws.com/photos/619887857/original.jpg"
Camellia,"https://static.inaturalist.org/photos/619913931/original.jpg,https://inaturalist-open-data.s3.amazonaws.com/photos/619912106/original.jpg,https://inaturalist-open-data.s3.amazonaws.com/photos/619911994/original.jpg,https://inaturalist-open-data.s3.amazonaws.com/photos/619909232/original.jpg,https://inaturalist-open-data.s3.amazonaws.com/photos/619901939/original.jpg,https://inaturalist-open-data.s3.amazonaws.com/photos/619902056/original.jpg"
Poppy,"https://static.inaturalist.org/photos/619912746/original.jpg,https://static.inaturalist.org/photos/619912770/original.jpg,https://static.inaturalist.org/photos/619912791/original.jpg,https://inaturalist-open-data.s3.amazonaws.com/photos/619911813/original.jpg,https://static.inaturalist.org/photos/619911679/original.jpg,https://inaturalist-open-data.s3.amazonaws.com/photos/619911096/original.jpg,https://inaturalist-open-data.s3.amazonaws.com/photos/619911177/original.jpg,https://inaturalist-open-data.s3.amazonaws.com/photos/619911255/original.jpg,https://inaturalist-open-data.s3.amazonaws.com/photos/619911327/original.jpg,https://inaturalist-open-data.s3.amazonaws.com/photos/619910041/original.jpg,https://inaturalist-open-data.s3.amazonaws.com/photos/619910070/original.jpg,https://inaturalist-open-data.s3.amazonaws.com/photos/619910098/original.jpg"
Magnolia,"https://inaturalist-open-data.s3.amazonaws.com/photos/619913624/original.jpg,https://inaturalist-open-data.s3.amazonaws.com/photos/619913534/original.jpg,https://inaturalist-open-data.s3.amazonaws.com/photos/619913538/original.jpg,https://inaturalist-open-data.s3.amazonaws.com/photos/619913541/original.jpg,https://inaturalist-open-data.s3.amazonaws.com/photos/619913349/original.jpg,https://inaturalist-open-data.s3.amazonaws.com/photos/619913000/original.jpg,https://inaturalist-open-data.s3.amazonaws.com/photos/619913003/original.jpg"
Holly,"https://static.inaturalist.org/photos/619914209/original.jpg,https://inaturalist-open-data.s3.amazonaws.com/photos/619913611/original.jpg,https://static.inaturalist.org/photos/619913197/original.jpg,https://inaturalist-open-data.s3.amazonaws.com/photos/619886509/original.jpg,https://inaturalist-open-data.s3.amazonaws.com/photos/619886509/original.jpg"
Gardenia,"https://inaturalist-open-data.s3.amazonaws.com/photos/619896755/original.jpg,https://inaturalist-open-data.s3.amazonaws.com/photos/619856770/original.jpg,https://inaturalist-open-data.s3.amazonaws.com/photos/619848469/original.jpg,https://inaturalist-open-data.s3.amazonaws.com/photos/619848495/original.jpg,https://inaturalist-open-data.s3.amazonaws.com/photos/619848508/original.jpg,https://inaturalist-open-data.s3.amazonaws.com/photos/619848537/original.jpg,https://inaturalist-open-data.s3.amazonaws.com/photos/619848559/original.jpg,https://inaturalist-open-data.s3.amazonaws.com/photos/619848594/original.jpg,https://inaturalist-open-data.s3.amazonaws.com/photos/619848638/original.jpg,https://inaturalist-open-data.s3.amazonaws.com/photos/619848658/original.jpg,https://inaturalist-open-data.s3.amazonaws.com/photos/619848688/original.jpg,https://inaturalist-open-data.s3.amazonaws.com/photos/619848717/original.jpg,https://inaturalist-open-data.s3.amazonaws.com/photos/619848754/original.jpg,https://inaturalist-open-data.s3.amazonaws.com/photos/619848797/original.jpg,https://inaturalist-open-data.s3.amazonaws.com/photos/619848826/original.jpg,https://inaturalist-open-data.s3.amazonaws.com/photos/619848844/original.jpg,https://inaturalist-open-data.s3.amazonaws.com/photos/619848865/original.jpg,https://inaturalist-open-data.s3.amazonaws.com/photos/619847743/original.jpg,https://inaturalist-open-data.s3.amazonaws.com/photos/619847764/original.jpg,https://inaturalist-open-data.s3.amazonaws.com/photos/619847781/original.jpg,https://inaturalist-open-data.s3.amazonaws.com/photos/619820992/original.jpg"
Azalea,"https://static.inaturalist.org/photos/619913074/original.jpg,https://static.inaturalist.org/photos/619913098/original.jpg,https://static.inaturalist.org/photos/619913115/original.jpg,https://static.inaturalist.org/photos/619910100/original.jpg,https://inaturalist-open-data.s3.amazonaws.com/photos/619902924/original.jpg,https://inaturalist-open-data.s3.amazonaws.com/photos/619902913/original.jpg,https://inaturalist-open-data.s3.amazonaws.com/photos/619902967/original.jpg,https://inaturalist-open-data.s3.amazonaws.com/photos/619902948/original.jpg,https://inaturalist-open-data.s3.amazonaws.com/photos/619902963/original.jpg,https://inaturalist-open-data.s3.amazonaws.com/photos/619899033/original.jpg,https://static.inaturalist.org/photos/619898923/original.jpg,https://static.inaturalist.org/photos/619898944/original.jpg,https://static.inaturalist.org/photos/619898980/original.jpg"
Clivia,"https://static.inaturalist.org/photos/619754059/original.jpg,https://static.inaturalist.org/photos/619754085/original.jpg,https://inaturalist-open-data.s3.amazonaws.com/photos/619751393/original.jpg,https://inaturalist-open-data.s3.amazonaws.com/photos/619746903/original.jpg,https://inaturalist-open-data.s3.amazonaws.com/photos/619707642/original.jpg,https://static.inaturalist.org/photos/619711279/original.jpg"
Tulsi (Holy Basil),"https://migardener.com/cdn/shop/products/BAS15_17f5f6ed-dee4-4012-8e6e-dc8393243756_800x.jpg?v=1638906520,https://www.adaptiveseeds.com/wp-content/uploads/2016/01/basil-sacred-tulsi-4.jpg,https://www.plantgoodseed.com/cdn/shop/files/holybasilcollection-1_2048x.jpg?v=1685452513,https://media.post.rvohealth.io/wp-content/uploads/2020/09/1296x728_Holy_Basil-1200x628.jpg,https://seedsforgenerations.com/wp-content/uploads/sites/2/2021/01/Basil-Holy-Tulsi-20220913_160504-Square.jpg"
Canna Lily,"https://inaturalist-open-data.s3.amazonaws.com/photos/619850818/original.jpg,https://inaturalist-open-data.s3.amazonaws.com/photos/619779157/original.jpg,https://inaturalist-open-data.s3.amazonaws.com/photos/619758230/original.jpg,https://inaturalist-open-data.s3.amazonaws.com/photos/619758453/original.jpg,https://inaturalist-open-data.s3.amazonaws.com/photos/619758478/original.jpg,https://inaturalist-open-data.s3.amazonaws.com/photos/619758491/original.jpg,https://inaturalist-open-data.s3.amazonaws.com/photos/619758552/original.jpg,https://inaturalist-open-data.s3.amazonaws.com/photos/619758581/original.jpg,https://inaturalist-open-data.s3.amazonaws.com/photos/619758584/original.jpg,https://inaturalist-open-data.s3.amazonaws.com/photos/619758608/original.jpg,https://inaturalist-open-data.s3.amazonaws.com/photos/619758850/original.jpg,https://inaturalist-open-data.s3.amazonaws.com/photos/619744517/original.jpg,https://inaturalist-open-data.s3.amazonaws.com/photos/619744537/original.jpg,https://inaturalist-open-data.s3.amazonaws.com/photos/619744579/original.jpg,https://inaturalist-open-data.s3.amazonaws.com/photos/619744592/original.jpg,https://inaturalist-open-data.s3.amazonaws.com/photos/619744613/original.jpg,https://inaturalist-open-data.s3.amazonaws.com/photos/619728758/original.jpg"
Dahlia,"https://inaturalist-open-data.s3.amazonaws.com/photos/619911726/original.jpg,https://inaturalist-open-data.s3.amazonaws.com/photos/619911760/original.jpg,https://inaturalist-open-data.s3.amazonaws.com/photos/619911781/original.jpg,https://inaturalist-open-data.s3.amazonaws.com/photos/619911833/original.jpg,https://inaturalist-open-data.s3.amazonaws.com/photos/619882157/original.jpg,https://inaturalist-open-data.s3.amazonaws.com/photos/619878887/original.jpg,https://inaturalist-open-data.s3.amazonaws.com/photos/619836574/original.jpg,https://inaturalist-open-data.s3.amazonaws.com/photos/619783321/original.jpg"
Daisy,"https://inaturalist-open-data.s3.amazonaws.com/photos/619899499/original.jpg,https://inaturalist-open-data.s3.amazonaws.com/photos/619913890/original.jpg,https://inaturalist-open-data.s3.amazonaws.com/photos/619912547/original.jpg,https://inaturalist-open-data.s3.amazonaws.com/photos/619912539/original.jpg,https://inaturalist-open-data.s3.amazonaws.com/photos/619912557/original.jpg,https://inaturalist-open-data.s3.amazonaws.com/photos/619912554/original.jpg,https://inaturalist-open-data.s3.amazonaws.com/photos/619912561/original.jpg,https://inaturalist-open-data.s3.amazonaws.com/photos/619912555/original.jpg,https://inaturalist-open-data.s3.amazonaws.com/photos/619912542/original.jpg,https://static.inaturalist.org/photos/619909115/original.jpg,https://static.inaturalist.org/photos/619909110/original.jpg,https://static.inaturalist.org/photos/619910443/original.jpg,https://inaturalist-open-data.s3.amazonaws.com/photos/619911673/original.jpg"
Eucalyptus,"https://inaturalist-open-data.s3.amazonaws.com/photos/619907150/original.jpg,https://inaturalist-open-data.s3.amazonaws.com/photos/619904455/original.jpg,https://inaturalist-open-data.s3.amazonaws.com/photos/619887027/original.jpg,https://inaturalist-open-data.s3.amazonaws.com/photos/619903708/original.jpg,https://inaturalist-open-data.s3.amazonaws.com/photos/619852922/original.jpg,https://inaturalist-open-data.s3.amazonaws.com/photos/619852946/original.jpg,https://inaturalist-open-data.s3.amazonaws.com/photos/619852973/original.jpg,https://inaturalist-open-data.s3.amazonaws.com/photos/619852951/original.jpg,https://inaturalist-open-data.s3.amazonaws.com/photos/619852977/original.jpg,https://inaturalist-open-data.s3.amazonaws.com/photos/619852985/original.jpg,https://inaturalist-open-data.s3.amazonaws.com/photos/619853006/original.jpg"
Lotus,"https://inaturalist-open-data.s3.amazonaws.com/photos/619913279/original.jpg,https://inaturalist-open-data.s3.amazonaws.com/photos/619913426/original.jpg,https://inaturalist-open-data.s3.amazonaws.com/photos/619913554/original.jpg,https://inaturalist-open-data.s3.amazonaws.com/photos/619909643/original.jpg,https://inaturalist-open-data.s3.amazonaws.com/photos/619909671/original.jpg,https://inaturalist-open-data.s3.amazonaws.com/photos/619908018/original.jpg,https://inaturalist-open-data.s3.amazonaws.com/photos/619908057/original.jpg,https://inaturalist-open-data.s3.amazonaws.com/photos/619908085/original.jpg,https://inaturalist-open-data.s3.amazonaws.com/photos/619901518/original.jpg,https://inaturalist-open-data.s3.amazonaws.com/photos/619892427/original.jpg"
Bamboo,"https://inaturalist-open-data.s3.amazonaws.com/photos/619912819/original.jpg,https://inaturalist-open-data.s3.amazonaws.com/photos/619913224/original.jpg,https://inaturalist-open-data.s3.amazonaws.com/photos/619913262/original.jpg,https://inaturalist-open-data.s3.amazonaws.com/photos/619913283/original.jpg,https://inaturalist-open-data.s3.amazonaws.com/photos/619910854/original.jpg,https://inaturalist-open-data.s3.amazonaws.com/photos/619910932/original.jpg,https://static.inaturalist.org/photos/619910478/original.jpg,https://static.inaturalist.org/photos/619910514/original.jpg,https://static.inaturalist.org/photos/619910544/original.jpg,https://static.inaturalist.org/photos/619910576/original.jpg,https://inaturalist-open-data.s3.amazonaws.com/photos/619909471/original.jpg"
Orchid Cactus,"https://inaturalist-open-data.s3.amazonaws.com/photos/619304994/original.jpg,https://inaturalist-open-data.s3.amazonaws.com/photos/618611358/original.jpg,https://inaturalist-open-data.s3.amazonaws.com/photos/618445468/original.jpg,https://inaturalist-open-data.s3.amazonaws.com/photos/618389465/original.jpg,https://inaturalist-open-data.s3.amazonaws.com/photos/618389472/original.jpg,https://inaturalist-open-data.s3.amazonaws.com/photos/618389478/original.jpg,https://inaturalist-open-data.s3.amazonaws.com/photos/618389479/original.jpg,https://inaturalist-open-data.s3.amazonaws.com/photos/618389484/original.jpg,https://inaturalist-open-data.s3.amazonaws.com/photos/618370484/original.jpg"
Bromeliad,"https://static.inaturalist.org/photos/619912669/original.jpg,https://static.inaturalist.org/photos/619912696/original.jpg,https://inaturalist-open-data.s3.amazonaws.com/photos/619900365/original.jpg,https://inaturalist-open-data.s3.amazonaws.com/photos/619896981/original.jpg,https://inaturalist-open-data.s3.amazonaws.com/photos/619875475/original.jpg,https://inaturalist-open-data.s3.amazonaws.com/photos/619872628/original.jpg"
Succulent,"https://inaturalist-open-data.s3.amazonaws.com/photos/619871269/original.jpg,https://inaturalist-open-data.s3.amazonaws.com/photos/619694644/original.jpg,https://inaturalist-open-data.s3.amazonaws.com/photos/619694208/original.jpg,https://inaturalist-open-data.s3.amazonaws.com/photos/619694286/original.jpg,https://inaturalist-open-data.s3.amazonaws.com/photos/619694227/original.jpg,https://inaturalist-open-data.s3.amazonaws.com/photos/619694273/original.jpg,https://inaturalist-open-data.s3.amazonaws.com/photos/619694248/original.jpg,https://inaturalist-open-data.s3.amazonaws.com/photos/619694627/original.jpg,https://inaturalist-open-data.s3.amazonaws.com/photos/619683305/original.jpg,https://inaturalist-open-data.s3.amazonaws.com/photos/619683325/original.jpg,https://inaturalist-open-data.s3.amazonaws.com/photos/619683335/original.jpg,https://inaturalist-open-data.s3.amazonaws.com/photos/619683347/original.jpg,https://inaturalist-open-data.s3.amazonaws.com/photos/619683364/original.jpg,https://inaturalist-open-data.s3.amazonaws.com/photos/619505514/original.jpg,https://inaturalist-open-data.s3.amazonaws.com/photos/619505516/original.jpg,https://inaturalist-open-data.s3.amazonaws.com/photos/619505500/original.jpg,https://inaturalist-open-data.s3.amazonaws.com/photos/619435463/original.jpg"
Iris,"https://inaturalist-open-data.s3.amazonaws.com/photos/619910329/original.jpg,https://inaturalist-open-data.s3.amazonaws.com/photos/619912823/original.jpg,https://inaturalist-open-data.s3.amazonaws.com/photos/619912603/original.jpg,https://inaturalist-open-data.s3.amazonaws.com/photos/619885768/original.jpg,https://inaturalist-open-data.s3.amazonaws.com/photos/619885721/original.jpg"
Lotus Bamboo,"https://houseplantsny.com/cdn/shop/files/IMG_5680.jpg?v=1697681530&width=1946,https://encrypted-tbn0.gstatic.com/images?q=tbn:ANd9GcQa-gbD30GilfFrue2Y63JRDCgVCYQoGS1usA&s,https://www.chhajedgarden.com/cdn/shop/files/Indoor-Decorative-Lotus-Bamboo-10-20cm-Bonsai_512x683.jpg?v=1699445410,https://m.media-amazon.com/images/I/81ciLJ+nTOL.jpg,https://shop.banneechen.com.sg/cdn/shop/files/WhatsAppImage2025-01-06at4.55.47PM_2.jpg?v=1736308341"
Hosta,"https://inaturalist-open-data.s3.amazonaws.com/photos/619799603/original.jpg,https://inaturalist-open-data.s3.amazonaws.com/photos/619799725/original.jpg,https://inaturalist-open-data.s3.amazonaws.com/photos/619804411/original.jpg,https://inaturalist-open-data.s3.amazonaws.com/photos/619804497/original.jpg,https://static.inaturalist.org/photos/619753961/original.jpg,https://static.inaturalist.org/photos/619753972/original.jpg,https://static.inaturalist.org/photos/619753985/original.jpg,https://static.inaturalist.org/photos/619754001/original.jpg,https://static.inaturalist.org/photos/619754012/original.jpg,https://static.inaturalist.org/photos/619754024/original.jpg,https://static.inaturalist.org/photos/619754030/original.jpg,https://inaturalist-open-data.s3.amazonaws.com/photos/619693441/original.jpg,https://inaturalist-open-data.s3.amazonaws.com/photos/619604988/original.jpg,https://static.inaturalist.org/photos/619537238/original.jpg"
Echeveria,"https://static.inaturalist.org/photos/619908469/original.jpg,https://inaturalist-open-data.s3.amazonaws.com/photos/619879143/original.jpg,https://inaturalist-open-data.s3.amazonaws.com/photos/619872601/original.jpg,https://inaturalist-open-data.s3.amazonaws.com/photos/619848464/original.jpg,https://inaturalist-open-data.s3.amazonaws.com/photos/619848494/original.jpg,https://inaturalist-open-data.s3.amazonaws.com/photos/619848401/original.jpg,https://inaturalist-open-data.s3.amazonaws.com/photos/619848434/original.jpg"
Catmint,"https://inaturalist-open-data.s3.amazonaws.com/photos/619913694/original.jpg,https://inaturalist-open-data.s3.amazonaws.com/photos/619791647/original.jpg,https://inaturalist-open-data.s3.amazonaws.com/photos/619739915/original.jpg,https://inaturalist-open-data.s3.amazonaws.com/photos/619735924/original.jpg,https://inaturalist-open-data.s3.amazonaws.com/photos/619730333/original.jpg"
Coneflower,"https://inaturalist-open-data.s3.amazonaws.com/photos/619874574/original.jpg,https://inaturalist-open-data.s3.amazonaws.com/photos/619866821/original.jpg,https://inaturalist-open-data.s3.amazonaws.com/photos/619866827/original.jpg,https://inaturalist-open-data.s3.amazonaws.com/photos/619865131/original.jpg,https://inaturalist-open-data.s3.amazonaws.com/photos/619831659/original.jpg,https://inaturalist-open-data.s3.amazonaws.com/photos/619831681/original.jpg,https://inaturalist-open-data.s3.amazonaws.com/photos/619835915/original.jpg,https://inaturalist-open-data.s3.amazonaws.com/photos/619835953/original.jpg,https://inaturalist-open-data.s3.amazonaws.com/photos/619836031/original.jpg,https://inaturalist-open-data.s3.amazonaws.com/photos/619826596/original.jpg"
Lamb's Ear,"https://inaturalist-open-data.s3.amazonaws.com/photos/619821994/original.jpg,https://inaturalist-open-data.s3.amazonaws.com/photos/619367932/original.jpg,https://inaturalist-open-data.s3.amazonaws.com/photos/619367951/original.jpg,https://inaturalist-open-data.s3.amazonaws.com/photos/619086424/original.jpg,https://inaturalist-open-data.s3.amazonaws.com/photos/619000744/original.jpg,https://static.inaturalist.org/photos/618990489/original.jpg"
Fuchsia,"https://inaturalist-open-data.s3.amazonaws.com/photos/619904538/original.jpg,https://inaturalist-open-data.s3.amazonaws.com/photos/619904553/original.jpg,https://inaturalist-open-data.s3.amazonaws.com/photos/619903779/original.jpg,https://inaturalist-open-data.s3.amazonaws.com/photos/619903800/original.jpg,https://inaturalist-open-data.s3.amazonaws.com/photos/619899745/original.jpg,https://inaturalist-open-data.s3.amazonaws.com/photos/619880962/original.jpg,https://inaturalist-open-data.s3.amazonaws.com/photos/619872106/original.jpg"
Impatiens,"https://inaturalist-open-data.s3.amazonaws.com/photos/619899817/original.jpg,https://inaturalist-open-data.s3.amazonaws.com/photos/619899806/original.jpg,https://inaturalist-open-data.s3.amazonaws.com/photos/619902134/original.jpg,https://inaturalist-open-data.s3.amazonaws.com/photos/619900904/original.jpg,https://inaturalist-open-data.s3.amazonaws.com/photos/619900932/original.jpg,https://inaturalist-open-data.s3.amazonaws.com/photos/619899885/original.jpg,https://inaturalist-open-data.s3.amazonaws.com/photos/619893877/original.jpg"
Dianthus,"https://static.inaturalist.org/photos/619898906/original.jpg,https://static.inaturalist.org/photos/619898909/original.jpg,https://inaturalist-open-data.s3.amazonaws.com/photos/619879106/original.jpg,https://inaturalist-open-data.s3.amazonaws.com/photos/619878098/original.jpg,https://inaturalist-open-data.s3.amazonaws.com/photos/619872721/original.jpg,https://inaturalist-open-data.s3.amazonaws.com/photos/619872727/original.jpg,https://inaturalist-open-data.s3.amazonaws.com/photos/619872742/original.jpg,https://inaturalist-open-data.s3.amazonaws.com/photos/619872749/original.jpg,https://inaturalist-open-data.s3.amazonaws.com/photos/619866657/original.jpg"
Phlox,"https://inaturalist-open-data.s3.amazonaws.com/photos/619912137/original.jpg,https://inaturalist-open-data.s3.amazonaws.com/photos/619912163/original.jpg,https://inaturalist-open-data.s3.amazonaws.com/photos/619912184/original.jpg,https://inaturalist-open-data.s3.amazonaws.com/photos/619912205/original.jpg,https://inaturalist-open-data.s3.amazonaws.com/photos/619912238/original.jpg,https://inaturalist-open-data.s3.amazonaws.com/photos/619912261/original.jpg,https://inaturalist-open-data.s3.amazonaws.com/photos/619896119/original.jpg,https://inaturalist-open-data.s3.amazonaws.com/photos/619896148/original.jpg,https://inaturalist-open-data.s3.amazonaws.com/photos/619895003/original.jpg,https://inaturalist-open-data.s3.amazonaws.com/photos/619882727/original.jpg,https://inaturalist-open-data.s3.amazonaws.com/photos/619877689/original.jpg,https://inaturalist-open-data.s3.amazonaws.com/photos/619877738/original.jpg"
Lobelia,"https://inaturalist-open-data.s3.amazonaws.com/photos/619899415/original.jpg,https://inaturalist-open-data.s3.amazonaws.com/photos/619904453/original.jpg,https://inaturalist-open-data.s3.amazonaws.com/photos/619904459/original.jpg,https://inaturalist-open-data.s3.amazonaws.com/photos/619904462/original.jpg,https://inaturalist-open-data.s3.amazonaws.com/photos/619902897/original.jpg,https://inaturalist-open-data.s3.amazonaws.com/photos/619903378/original.jpg,https://inaturalist-open-data.s3.amazonaws.com/photos/619903413/original.jpg,https://inaturalist-open-data.s3.amazonaws.com/photos/619903412/original.jpg,https://inaturalist-open-data.s3.amazonaws.com/photos/619903425/original.jpg,https://inaturalist-open-data.s3.amazonaws.com/photos/619903431/original.jpg,https://inaturalist-open-data.s3.amazonaws.com/photos/619903872/original.jpg,https://inaturalist-open-data.s3.amazonaws.com/photos/619903899/original.jpg,https://inaturalist-open-data.s3.amazonaws.com/photos/619895646/original.jpg,https://inaturalist-open-data.s3.amazonaws.com/photos/619895640/original.jpg,https://inaturalist-open-data.s3.amazonaws.com/photos/619891900/original.jpg,https://inaturalist-open-data.s3.amazonaws.com/photos/619891950/original.jpg,https://inaturalist-open-data.s3.amazonaws.com/photos/619892000/original.jpg"
Salvia,"https://inaturalist-open-data.s3.amazonaws.com/photos/619912738/original.jpg,https://inaturalist-open-data.s3.amazonaws.com/photos/619908318/original.jpg,https://inaturalist-open-data.s3.amazonaws.com/photos/619911270/original.jpg,https://inaturalist-open-data.s3.amazonaws.com/photos/619891787/original.jpg,https://inaturalist-open-data.s3.amazonaws.com/photos/619891821/original.jpg,https://static.inaturalist.org/photos/619908574/original.jpg"
Hollyhock,"https://inaturalist-open-data.s3.amazonaws.com/photos/619909462/original.jpg,https://inaturalist-open-data.s3.amazonaws.com/photos/619873317/original.jpg,https://inaturalist-open-data.s3.amazonaws.com/photos/619873364/original.jpg,https://inaturalist-open-data.s3.amazonaws.com/photos/619873318/original.jpg,https://inaturalist-open-data.s3.amazonaws.com/photos/619873301/original.jpg,https://inaturalist-open-data.s3.amazonaws.com/photos/619873281/original.jpg,https://inaturalist-open-data.s3.amazonaws.com/photos/619873251/original.jpg,https://inaturalist-open-data.s3.amazonaws.com/photos/619820955/original.jpg,https://inaturalist-open-data.s3.amazonaws.com/photos/619807259/original.jpg,https://inaturalist-open-data.s3.amazonaws.com/photos/619807258/original.jpg,https://inaturalist-open-data.s3.amazonaws.com/photos/619807257/original.jpg,https://inaturalist-open-data.s3.amazonaws.com/photos/619807273/original.jpg,https://inaturalist-open-data.s3.amazonaws.com/photos/619807272/original.jpg,https://inaturalist-open-data.s3.amazonaws.com/photos/619786215/original.jpg"
Aster,"https://inaturalist-open-data.s3.amazonaws.com/photos/619899499/original.jpg,https://static.inaturalist.org/photos/619912460/original.jpg,https://inaturalist-open-data.s3.amazonaws.com/photos/619911724/original.jpg,https://inaturalist-open-data.s3.amazonaws.com/photos/619911737/original.jpg,https://inaturalist-open-data.s3.amazonaws.com/photos/619909619/original.jpg,https://inaturalist-open-data.s3.amazonaws.com/photos/619908171/original.jpg"
Calendula,"https://static.inaturalist.org/photos/619914252/original.jpg,https://inaturalist-open-data.s3.amazonaws.com/photos/619901323/original.jpg,https://inaturalist-open-data.s3.amazonaws.com/photos/619905265/original.jpg,https://inaturalist-open-data.s3.amazonaws.com/photos/619901450/original.jpg,https://inaturalist-open-data.s3.amazonaws.com/photos/619900033/original.jpg"
Candytuft,"https://inaturalist-open-data.s3.amazonaws.com/photos/619870425/original.jpg,https://inaturalist-open-data.s3.amazonaws.com/photos/619792099/original.jpg,https://inaturalist-open-data.s3.amazonaws.com/photos/619791044/original.jpg,https://inaturalist-open-data.s3.amazonaws.com/photos/619791063/original.jpg,https://static.inaturalist.org/photos/619715606/original.jpg,https://static.inaturalist.org/photos/619687931/original.jpg"
Larkspur,"https://inaturalist-open-data.s3.amazonaws.com/photos/619868361/original.jpg,https://inaturalist-open-data.s3.amazonaws.com/photos/619868358/original.jpg,https://inaturalist-open-data.s3.amazonaws.com/photos/619868349/original.jpg,https://inaturalist-open-data.s3.amazonaws.com/photos/619874438/original.jpg,https://inaturalist-open-data.s3.amazonaws.com/photos/619874460/original.jpg,https://inaturalist-open-data.s3.amazonaws.com/photos/619830725/original.jpg,https://inaturalist-open-data.s3.amazonaws.com/photos/619830739/original.jpg,https://inaturalist-open-data.s3.amazonaws.com/photos/619830757/original.jpg,https://inaturalist-open-data.s3.amazonaws.com/photos/619806351/original.jpg,https://static.inaturalist.org/photos/619812354/original.jpg"
Shasta Daisy,"https://inaturalist-open-data.s3.amazonaws.com/photos/619849210/original.jpg,https://inaturalist-open-data.s3.amazonaws.com/photos/619849441/original.jpg,https://inaturalist-open-data.s3.amazonaws.com/photos/619849496/original.jpg,https://inaturalist-open-data.s3.amazonaws.com/photos/619849540/original.jpg,https://static.inaturalist.org/photos/619773678/original.jpg,https://static.inaturalist.org/photos/619773804/original.jpg,https://static.inaturalist.org/photos/619773829/original.jpg,https://static.inaturalist.org/photos/619773856/original.jpg,https://static.inaturalist.org/photos/619773863/original.jpg,https://inaturalist-open-data.s3.amazonaws.com/photos/619129343/original.jpg,https://inaturalist-open-data.s3.amazonaws.com/photos/617452406/original.jpg,https://static.inaturalist.org/photos/615044034/original.jpg"
Periwinkle,"https://inaturalist-open-data.s3.amazonaws.com/photos/619913127/original.jpg,https://inaturalist-open-data.s3.amazonaws.com/photos/619913150/original.jpg,https://inaturalist-open-data.s3.amazonaws.com/photos/619913168/original.jpg,https://inaturalist-open-data.s3.amazonaws.com/photos/619907236/original.jpg,https://inaturalist-open-data.s3.amazonaws.com/photos/619907043/original.jpg,https://inaturalist-open-data.s3.amazonaws.com/photos/619907153/original.jpg,https://static.inaturalist.org/photos/619906105/original.jpg,https://inaturalist-open-data.s3.amazonaws.com/photos/619905808/original.jpg"
Coral Bells,"https://inaturalist-open-data.s3.amazonaws.com/photos/619874239/original.jpg,https://static.inaturalist.org/photos/619855711/original.jpg,https://inaturalist-open-data.s3.amazonaws.com/photos/619767372/original.jpg,https://inaturalist-open-data.s3.amazonaws.com/photos/619731109/original.jpg,https://inaturalist-open-data.s3.amazonaws.com/photos/619710657/original.jpg,https://inaturalist-open-data.s3.amazonaws.com/photos/619710655/original.jpg"
Bleeding Heart,"https://inaturalist-open-data.s3.amazonaws.com/photos/619904996/original.jpg,https://inaturalist-open-data.s3.amazonaws.com/photos/619837386/original.jpg,https://inaturalist-open-data.s3.amazonaws.com/photos/619836320/original.jpg,https://inaturalist-open-data.s3.amazonaws.com/photos/619836306/original.jpg,https://inaturalist-open-data.s3.amazonaws.com/photos/619836298/original.jpg"
Sweet Alyssum,"https://static.inaturalist.org/photos/619907810/original.jpg,https://static.inaturalist.org/photos/619907838/original.jpg,https://static.inaturalist.org/photos/619907872/original.jpg,https://static.inaturalist.org/photos/619907904/original.jpg,https://inaturalist-open-data.s3.amazonaws.com/photos/619877624/original.jpg,https://inaturalist-open-data.s3.amazonaws.com/photos/619872503/original.jpg,https://inaturalist-open-data.s3.amazonaws.com/photos/619850410/original.jpg,https://static.inaturalist.org/photos/619842252/original.jpg"
Balloon Flower,"https://inaturalist-open-data.s3.amazonaws.com/photos/618007247/original.jpg,https://inaturalist-open-data.s3.amazonaws.com/photos/618007263/original.jpg,https://inaturalist-open-data.s3.amazonaws.com/photos/618007272/original.jpg,https://inaturalist-open-data.s3.amazonaws.com/photos/618008603/original.jpg,https://inaturalist-open-data.s3.amazonaws.com/photos/618008633/original.jpg,https://static.inaturalist.org/photos/617625716/original.jpg,https://static.inaturalist.org/photos/617625822/original.jpg,https://static.inaturalist.org/photos/617135292/original.jpg,https://inaturalist-open-data.s3.amazonaws.com/photos/617102133/original.jpg,https://static.inaturalist.org/photos/616831275/original.jpg"
Japanese Anemone,"https://inaturalist-open-data.s3.amazonaws.com/photos/619783402/original.jpg,https://static.inaturalist.org/photos/619679912/original.jpg,https://static.inaturalist.org/photos/619679937/original.jpg,https://static.inaturalist.org/photos/619679959/original.jpg,https://static.inaturalist.org/photos/619592976/original.jpg,https://inaturalist-open-data.s3.amazonaws.com/photos/619447344/original.jpg,https://inaturalist-open-data.s3.amazonaws.com/photos/619447361/original.jpg,https://inaturalist-open-data.s3.amazonaws.com/photos/619031513/original.jpg"
Veronica,"https://static.inaturalist.org/photos/619913754/original.jpg,https://static.inaturalist.org/photos/619914108/original.jpg,https://inaturalist-open-data.s3.amazonaws.com/photos/619912510/original.jpg,https://inaturalist-open-data.s3.amazonaws.com/photos/619912532/original.jpg,https://inaturalist-open-data.s3.amazonaws.com/photos/619907729/original.jpg,https://inaturalist-open-data.s3.amazonaws.com/photos/619907738/original.jpg,https://inaturalist-open-data.s3.amazonaws.com/photos/619907747/original.jpg,https://static.inaturalist.org/photos/619910416/original.jpg,https://inaturalist-open-data.s3.amazonaws.com/photos/619909308/original.jpg"
Sedum,"https://static.inaturalist.org/photos/619912408/original.jpg,https://static.inaturalist.org/photos/619912432/original.jpg,https://inaturalist-open-data.s3.amazonaws.com/photos/619910407/original.jpg,https://inaturalist-open-data.s3.amazonaws.com/photos/619910411/original.jpg,https://inaturalist-open-data.s3.amazonaws.com/photos/619908661/original.jpg,https://inaturalist-open-data.s3.amazonaws.com/photos/619908149/original.jpg,https://inaturalist-open-data.s3.amazonaws.com/photos/619908154/original.jpg,https://inaturalist-open-data.s3.amazonaws.com/photos/619909244/original.jpg,https://inaturalist-open-data.s3.amazonaws.com/photos/619909267/original.jpg,https://inaturalist-open-data.s3.amazonaws.com/photos/619909302/original.jpg"
Helenium,"https://inaturalist-open-data.s3.amazonaws.com/photos/619898102/original.jpg,https://inaturalist-open-data.s3.amazonaws.com/photos/619882862/original.jpg,https://inaturalist-open-data.s3.amazonaws.com/photos/619882933/original.jpg,https://inaturalist-open-data.s3.amazonaws.com/photos/619847609/original.jpg,https://inaturalist-open-data.s3.amazonaws.com/photos/619763055/original.jpg,https://inaturalist-open-data.s3.amazonaws.com/photos/619763039/original.jpg,https://inaturalist-open-data.s3.amazonaws.com/photos/619763046/original.jpg,https://inaturalist-open-data.s3.amazonaws.com/photos/619754302/original.jpg"
Astilbe,"https://inaturalist-open-data.s3.amazonaws.com/photos/619867622/original.jpg,https://inaturalist-open-data.s3.amazonaws.com/photos/619533080/original.jpg,https://inaturalist-open-data.s3.amazonaws.com/photos/619463958/original.jpg,https://static.inaturalist.org/photos/618344661/original.jpg,https://static.inaturalist.org/photos/618344677/original.jpg,https://static.inaturalist.org/photos/618088457/original.jpg"
Coreopsis,"https://inaturalist-open-data.s3.amazonaws.com/photos/619897352/original.jpg,https://static.inaturalist.org/photos/619897155/original.jpg,https://static.inaturalist.org/photos/619897177/original.jpg,https://static.inaturalist.org/photos/619897196/original.jpg,https://static.inaturalist.org/photos/619897194/original.jpg,https://inaturalist-open-data.s3.amazonaws.com/photos/619891969/original.jpg,https://inaturalist-open-data.s3.amazonaws.com/photos/619888083/original.jpg,https://inaturalist-open-data.s3.amazonaws.com/photos/619880210/original.jpg"
Columbine,"https://inaturalist-open-data.s3.amazonaws.com/photos/619898790/original.jpg,https://inaturalist-open-data.s3.amazonaws.com/photos/619887165/original.jpg,https://static.inaturalist.org/photos/619883069/original.jpg,https://inaturalist-open-data.s3.amazonaws.com/photos/619844915/original.jpg,https://inaturalist-open-data.s3.amazonaws.com/photos/619754252/original.jpg"
Globe Thistle,"https://inaturalist-open-data.s3.amazonaws.com/photos/619898275/original.jpg,https://inaturalist-open-data.s3.amazonaws.com/photos/619883611/original.jpg,https://static.inaturalist.org/photos/619856584/original.jpg,https://static.inaturalist.org/photos/619856688/original.jpg,https://inaturalist-open-data.s3.amazonaws.com/photos/619835244/original.jpg,https://inaturalist-open-data.s3.amazonaws.com/photos/619786945/original.jpg"
Lupine,"https://static.inaturalist.org/photos/619915511/original.jpg,https://static.inaturalist.org/photos/619914317/original.jpg,https://static.inaturalist.org/photos/619913352/original.jpg,https://static.inaturalist.org/photos/619913340/original.jpg,https://static.inaturalist.org/photos/619913322/original.jpg,https://inaturalist-open-data.s3.amazonaws.com/photos/619914940/original.jpg,https://inaturalist-open-data.s3.amazonaws.com/photos/619914297/original.jpg,https://inaturalist-open-data.s3.amazonaws.com/photos/619911251/original.jpg,https://inaturalist-open-data.s3.amazonaws.com/photos/619911301/original.jpg,https://inaturalist-open-data.s3.amazonaws.com/photos/619911336/original.jpg,https://inaturalist-open-data.s3.amazonaws.com/photos/619909880/original.jpg"
Blanket Flower,"https://inaturalist-open-data.s3.amazonaws.com/photos/619914097/original.jpg,https://inaturalist-open-data.s3.amazonaws.com/photos/619903678/original.jpg,https://inaturalist-open-data.s3.amazonaws.com/photos/619899932/original.jpg,https://inaturalist-open-data.s3.amazonaws.com/photos/619893480/original.jpg,https://inaturalist-open-data.s3.amazonaws.com/photos/619861352/original.jpg"
Toad Lily,"https://inaturalist-open-data.s3.amazonaws.com/photos/619759149/original.jpg,https://inaturalist-open-data.s3.amazonaws.com/photos/619471973/original.jpg,https://inaturalist-open-data.s3.amazonaws.com/photos/619471989/original.jpg,https://inaturalist-open-data.s3.amazonaws.com/photos/619471998/original.jpg,https://inaturalist-open-data.s3.amazonaws.com/photos/619472010/original.jpg,https://inaturalist-open-data.s3.amazonaws.com/photos/619463896/original.jpg,https://inaturalist-open-data.s3.amazonaws.com/photos/619172098/original.jpg,https://inaturalist-open-data.s3.amazonaws.com/photos/619167936/original.jpg"
Russian Sage,"https://inaturalist-open-data.s3.amazonaws.com/photos/619699568/original.jpg,https://inaturalist-open-data.s3.amazonaws.com/photos/619686284/original.jpg,https://inaturalist-open-data.s3.amazonaws.com/photos/618109697/original.jpg,https://inaturalist-open-data.s3.amazonaws.com/photos/617680840/original.jpg,https://inaturalist-open-data.s3.amazonaws.com/photos/617680841/original.jpg,https://inaturalist-open-data.s3.amazonaws.com/photos/617680955/original.jpg,https://inaturalist-open-data.s3.amazonaws.com/photos/617681315/original.jpg,https://inaturalist-open-data.s3.amazonaws.com/photos/617681374/original.jpg,https://inaturalist-open-data.s3.amazonaws.com/photos/617046084/original.jpg"
Bee Balm,"https://inaturalist-open-data.s3.amazonaws.com/photos/619870372/original.jpg,https://inaturalist-open-data.s3.amazonaws.com/photos/619870400/original.jpg,https://inaturalist-open-data.s3.amazonaws.com/photos/619870416/original.jpg,https://inaturalist-open-data.s3.amazonaws.com/photos/619842762/original.jpg,https://inaturalist-open-data.s3.amazonaws.com/photos/619842784/original.jpg,https://inaturalist-open-data.s3.amazonaws.com/photos/619729798/original.jpg,https://inaturalist-open-data.s3.amazonaws.com/photos/619711272/original.jpg,https://inaturalist-open-data.s3.amazonaws.com/photos/619663043/original.jpg"
Speedwell,"https://inaturalist-open-data.s3.amazonaws.com/photos/619917174/original.jpg,https://inaturalist-open-data.s3.amazonaws.com/photos/619916338/original.jpg,https://inaturalist-open-data.s3.amazonaws.com/photos/619667988/original.jpg,https://inaturalist-open-data.s3.amazonaws.com/photos/619915916/original.jpg,https://inaturalist-open-data.s3.amazonaws.com/photos/619915787/original.jpg"
Catnip,"https://inaturalist-open-data.s3.amazonaws.com/photos/619913694/original.jpg,https://inaturalist-open-data.s3.amazonaws.com/photos/619739915/original.jpg,https://inaturalist-open-data.s3.amazonaws.com/photos/619735924/original.jpg,https://static.inaturalist.org/photos/619675514/original.jpg,https://inaturalist-open-data.s3.amazonaws.com/photos/619562835/original.jpg"
Tarragon,"https://inaturalist-open-data.s3.amazonaws.com/photos/619872745/original.jpg,https://inaturalist-open-data.s3.amazonaws.com/photos/619872776/original.jpg,https://static.inaturalist.org/photos/619674100/original.jpg,https://static.inaturalist.org/photos/619674127/original.jpg,https://inaturalist-open-data.s3.amazonaws.com/photos/619603157/original.jpg,https://inaturalist-open-data.s3.amazonaws.com/photos/619465478/original.jpg,https://inaturalist-open-data.s3.amazonaws.com/photos/619336561/original.jpg,https://inaturalist-open-data.s3.amazonaws.com/photos/619336586/original.jpg"
Bay Laurel,"https://inaturalist-open-data.s3.amazonaws.com/photos/619911874/original.jpg,https://inaturalist-open-data.s3.amazonaws.com/photos/619911921/original.jpg,https://inaturalist-open-data.s3.amazonaws.com/photos/619911950/original.jpg,https://inaturalist-open-data.s3.amazonaws.com/photos/619898615/original.jpg,https://inaturalist-open-data.s3.amazonaws.com/photos/619891539/original.jpg,https://inaturalist-open-data.s3.amazonaws.com/photos/619891578/original.jpg,https://inaturalist-open-data.s3.amazonaws.com/photos/619891645/original.jpg,https://inaturalist-open-data.s3.amazonaws.com/photos/619883594/original.jpg,https://inaturalist-open-data.s3.amazonaws.com/photos/619883306/original.jpg,https://inaturalist-open-data.s3.amazonaws.com/photos/619883353/original.jpg"
Lemon Balm,"https://inaturalist-open-data.s3.amazonaws.com/photos/619870372/original.jpg,https://inaturalist-open-data.s3.amazonaws.com/photos/619870400/original.jpg,https://inaturalist-open-data.s3.amazonaws.com/photos/619870416/original.jpg,https://inaturalist-open-data.s3.amazonaws.com/photos/619840574/original.jpg,https://inaturalist-open-data.s3.amazonaws.com/photos/619840622/original.jpg,https://static.inaturalist.org/photos/619809411/original.jpg,https://static.inaturalist.org/photos/619805212/original.jpg,https://inaturalist-open-data.s3.amazonaws.com/photos/619760627/original.jpg"
Fennel,"https://static.inaturalist.org/photos/619916349/original.jpg,https://inaturalist-open-data.s3.amazonaws.com/photos/619912559/original.jpg,https://inaturalist-open-data.s3.amazonaws.com/photos/619912590/original.jpg,https://inaturalist-open-data.s3.amazonaws.com/photos/619906827/original.jpg,https://inaturalist-open-data.s3.amazonaws.com/photos/619907245/original.jpg,https://inaturalist-open-data.s3.amazonaws.com/photos/619907292/original.jpg,https://inaturalist-open-data.s3.amazonaws.com/photos/619907307/original.jpg,https://inaturalist-open-data.s3.amazonaws.com/photos/619905064/original.jpg,https://inaturalist-open-data.s3.amazonaws.com/photos/619898851/original.jpg"
Chamomile,"https://inaturalist-open-data.s3.amazonaws.com/photos/619917288/original.jpg,https://inaturalist-open-data.s3.amazonaws.com/photos/619912785/original.jpg,https://inaturalist-open-data.s3.amazonaws.com/photos/619910208/original.jpg,https://inaturalist-open-data.s3.amazonaws.com/photos/619908030/original.jpg,https://inaturalist-open-data.s3.amazonaws.com/photos/619907352/original.jpg"
Lemongrass,"https://inaturalist-open-data.s3.amazonaws.com/photos/619844899/original.jpg,https://inaturalist-open-data.s3.amazonaws.com/photos/619778815/original.jpg,https://inaturalist-open-data.s3.amazonaws.com/photos/619621566/original.jpg,https://inaturalist-open-data.s3.amazonaws.com/photos/619560413/original.jpg,https://inaturalist-open-data.s3.amazonaws.com/photos/619560460/original.jpg,https://inaturalist-open-data.s3.amazonaws.com/photos/619551996/original.jpg"
Stevia,"https://inaturalist-open-data.s3.amazonaws.com/photos/619824882/original.jpg,https://static.inaturalist.org/photos/619717661/original.jpg,https://static.inaturalist.org/photos/619717699/original.jpg,https://inaturalist-open-data.s3.amazonaws.com/photos/619693030/original.jpg,https://inaturalist-open-data.s3.amazonaws.com/photos/619692950/original.jpg,https://inaturalist-open-data.s3.amazonaws.com/photos/619693123/original.jpg,https://inaturalist-open-data.s3.amazonaws.com/photos/619694282/original.jpg,https://inaturalist-open-data.s3.amazonaws.com/photos/619674623/original.jpg,https://inaturalist-open-data.s3.amazonaws.com/photos/619674683/original.jpg,https://inaturalist-open-data.s3.amazonaws.com/photos/619674768/original.jpg,https://inaturalist-open-data.s3.amazonaws.com/photos/619608206/original.jpg"
Marjoram,"https://inaturalist-open-data.s3.amazonaws.com/photos/619800772/original.jpg,https://inaturalist-open-data.s3.amazonaws.com/photos/619803952/original.jpg,https://inaturalist-open-data.s3.amazonaws.com/photos/619741928/original.jpg,https://inaturalist-open-data.s3.amazonaws.com/photos/619741948/original.jpg,https://inaturalist-open-data.s3.amazonaws.com/photos/619642248/original.jpg,https://inaturalist-open-data.s3.amazonaws.com/photos/619517297/original.jpg,https://inaturalist-open-data.s3.amazonaws.com/photos/619517298/original.jpg"
ZZ Plant,"https://inaturalist-open-data.s3.amazonaws.com/photos/619892338/original.jpg,https://inaturalist-open-data.s3.amazonaws.com/photos/619892364/original.jpg,https://inaturalist-open-data.s3.amazonaws.com/photos/619892398/original.jpg,https://inaturalist-open-data.s3.amazonaws.com/photos/619892425/original.jpg,https://inaturalist-open-data.s3.amazonaws.com/photos/619892460/original.jpg,https://inaturalist-open-data.s3.amazonaws.com/photos/619563241/original.jpg,https://inaturalist-open-data.s3.amazonaws.com/photos/619536570/original.jpg,https://inaturalist-open-data.s3.amazonaws.com/photos/619315921/original.jpg,https://inaturalist-open-data.s3.amazonaws.com/photos/619315622/original.jpg"
Philodendron,"https://inaturalist-open-data.s3.amazonaws.com/photos/619917331/original.jpg,https://static.inaturalist.org/photos/619913725/original.jpg,https://inaturalist-open-data.s3.amazonaws.com/photos/619894261/original.jpg,https://inaturalist-open-data.s3.amazonaws.com/photos/619887794/original.jpg,https://inaturalist-open-data.s3.amazonaws.com/photos/619880028/original.jpg"
Monstera,"https://static.inaturalist.org/photos/619905723/original.jpg,https://inaturalist-open-data.s3.amazonaws.com/photos/619890579/original.jpg,https://static.inaturalist.org/photos/619852224/original.jpg,https://static.inaturalist.org/photos/619851545/original.jpg,https://inaturalist-open-data.s3.amazonaws.com/photos/619851525/original.jpg,https://inaturalist-open-data.s3.amazonaws.com/photos/619851550/original.jpg"
Calathea,"https://inaturalist-open-data.s3.amazonaws.com/photos/619809587/original.jpg,https://static.inaturalist.org/photos/619804117/original.jpg,https://inaturalist-open-data.s3.amazonaws.com/photos/619636853/original.jpg,https://static.inaturalist.org/photos/619716674/original.jpg,https://inaturalist-open-data.s3.amazonaws.com/photos/619703764/original.jpg"
Fern (Boston Fern),"https://inaturalist-open-data.s3.amazonaws.com/photos/619900012/original.jpg,https://inaturalist-open-data.s3.amazonaws.com/photos/619900589/original.jpg,https://inaturalist-open-data.s3.amazonaws.com/photos/619900623/original.jpg,https://inaturalist-open-data.s3.amazonaws.com/photos/619861409/original.jpg,https://inaturalist-open-data.s3.amazonaws.com/photos/619853712/original.jpg,https://static.inaturalist.org/photos/619842907/original.jpg,https://inaturalist-open-data.s3.amazonaws.com/photos/619819408/original.jpg"
Croton,"https://inaturalist-open-data.s3.amazonaws.com/photos/619917415/original.jpg,https://inaturalist-open-data.s3.amazonaws.com/photos/619899794/original.jpg,https://inaturalist-open-data.s3.amazonaws.com/photos/619891849/original.jpg,https://inaturalist-open-data.s3.amazonaws.com/photos/619880487/original.jpg,https://inaturalist-open-data.s3.amazonaws.com/photos/619872857/original.jpg"
Dieffenbachia,"https://static.inaturalist.org/photos/619852126/original.jpg,https://static.inaturalist.org/photos/619852149/original.jpg,https://inaturalist-open-data.s3.amazonaws.com/photos/619838876/original.jpg,https://inaturalist-open-data.s3.amazonaws.com/photos/619828627/original.jpg,https://inaturalist-open-data.s3.amazonaws.com/photos/619803247/original.jpg,https://inaturalist-open-data.s3.amazonaws.com/photos/619803285/original.jpg,https://inaturalist-open-data.s3.amazonaws.com/photos/619804052/original.jpg,https://inaturalist-open-data.s3.amazonaws.com/photos/619761437/original.jpg,https://inaturalist-open-data.s3.amazonaws.com/photos/619761438/original.jpg,https://inaturalist-open-data.s3.amazonaws.com/photos/619761440/original.jpg"
Dracaena,"https://inaturalist-open-data.s3.amazonaws.com/photos/619917497/original.jpg,https://inaturalist-open-data.s3.amazonaws.com/photos/619917524/original.jpg,https://inaturalist-open-data.s3.amazonaws.com/photos/619741701/original.jpg,https://inaturalist-open-data.s3.amazonaws.com/photos/619904401/original.jpg,https://inaturalist-open-data.s3.amazonaws.com/photos/619901387/original.jpg,https://inaturalist-open-data.s3.amazonaws.com/photos/619901368/original.jpg,https://inaturalist-open-data.s3.amazonaws.com/photos/619893605/original.jpg"
Majesty Palm,"https://inaturalist-open-data.s3.amazonaws.com/photos/619626512/original.jpg,https://inaturalist-open-data.s3.amazonaws.com/photos/616509027/original.jpg,https://inaturalist-open-data.s3.amazonaws.com/photos/616509073/original.jpg,https://inaturalist-open-data.s3.amazonaws.com/photos/616509109/original.jpg,https://inaturalist-open-data.s3.amazonaws.com/photos/616213929/original.jpg,https://inaturalist-open-data.s3.amazonaws.com/photos/615650278/original.jpg,https://inaturalist-open-data.s3.amazonaws.com/photos/615650286/original.jpg,https://inaturalist-open-data.s3.amazonaws.com/photos/614581064/original.jpg"
Bird of Paradise,"https://inaturalist-open-data.s3.amazonaws.com/photos/619909293/original.jpg,https://inaturalist-open-data.s3.amazonaws.com/photos/619901639/original.jpg,https://inaturalist-open-data.s3.amazonaws.com/photos/619889709/original.jpg,https://inaturalist-open-data.s3.amazonaws.com/photos/619887667/original.jpg,https://static.inaturalist.org/photos/619876592/original.jpg,https://static.inaturalist.org/photos/619876666/original.jpg,https://static.inaturalist.org/photos/619876768/original.jpg"
Chinese Evergreen,"https://static.inaturalist.org/photos/619849201/original.jpg,https://inaturalist-open-data.s3.amazonaws.com/photos/619804393/original.jpg,https://inaturalist-open-data.s3.amazonaws.com/photos/619804410/original.jpg,https://inaturalist-open-data.s3.amazonaws.com/photos/619804431/original.jpg,https://inaturalist-open-data.s3.amazonaws.com/photos/619801537/original.jpg,https://inaturalist-open-data.s3.amazonaws.com/photos/619801555/original.jpg,https://static.inaturalist.org/photos/619745430/original.jpg,https://static.inaturalist.org/photos/619745440/original.jpg,https://static.inaturalist.org/photos/619745674/original.jpg,https://static.inaturalist.org/photos/619745695/original.jpg,https://static.inaturalist.org/photos/619745713/original.jpg,https://static.inaturalist.org/photos/619745738/original.jpg,https://inaturalist-open-data.s3.amazonaws.com/photos/619683070/original.jpg,https://inaturalist-open-data.s3.amazonaws.com/photos/619683115/original.jpg,https://inaturalist-open-data.s3.amazonaws.com/photos/619683144/original.jpg"
Peperomia,"https://inaturalist-open-data.s3.amazonaws.com/photos/619911791/original.jpg,https://inaturalist-open-data.s3.amazonaws.com/photos/619911676/original.jpg,https://inaturalist-open-data.s3.amazonaws.com/photos/619911654/original.jpg,https://inaturalist-open-data.s3.amazonaws.com/photos/619863280/original.jpg,https://inaturalist-open-data.s3.amazonaws.com/photos/619852636/original.jpg,https://inaturalist-open-data.s3.amazonaws.com/photos/619819299/original.jpg,https://inaturalist-open-data.s3.amazonaws.com/photos/619817120/original.jpg"
Ficus Tree,"https://eureka-farms.com/cdn/shop/files/image_2a36d902-e3b5-44b2-a912-1e6e887629d5.jpg?v=1692666358,https://encrypted-tbn0.gstatic.com/images?q=tbn:ANd9GcQKhDq7VSh7nwQZQ1P-EQruQo09c4VxfZYqRQ&s,https://www.thetreecenter.com/c/uploads/2015/12/Ficus_Tree_Stock_image_1.webp,https://www.thespruce.com/thmb/CP7utnLWRjF7H9_KAzWNJVA_chA=/1500x0/filters:no_upscale():max_bytes(150000):strip_icc()/grow-ficus-trees-1902757-1-80b8738caf8f42f28a24af94c3d4f314.jpg,https://s.hdnux.com/photos/01/32/44/47/23742923/3/ratio2x3_1920.jpg"
Succulents (General),"https://worldofsucculents.com/wp-content/uploads/2015/08/Grow-Healthy-Succulents.jpg,https://yardandgarden.extension.iastate.edu/files/inline-images/Succulents%20under%20lights.JPEG,https://www.ambius.com/dam/jcr:f57ab678-7e11-4256-b96a-b66f113a79d1/1200-image-banner-stock-miniature-succulent-plants-1405045772.webp,https://cdn.shopify.com/s/files/1/2198/4603/files/11_630f812d-b6bd-4d7b-b39b-9c701034d546_480x480.jpg?v=1710739704,https://cdn.shopify.com/s/files/1/2198/4603/files/7_439edd01-daab-422d-a7eb-a977aae78e9e_480x480.jpg?v=1684833222"
Haworthia,"https://inaturalist-open-data.s3.amazonaws.com/photos/619848139/original.jpg,https://inaturalist-open-data.s3.amazonaws.com/photos/619848144/original.jpg,https://inaturalist-open-data.s3.amazonaws.com/photos/619848138/original.jpg,https://inaturalist-open-data.s3.amazonaws.com/photos/619848143/original.jpg,https://inaturalist-open-data.s3.amazonaws.com/photos/619625446/original.jpg,https://inaturalist-open-data.s3.amazonaws.com/photos/619618496/original.jpg,https://inaturalist-open-data.s3.amazonaws.com/photos/619618532/original.jpg,https://inaturalist-open-data.s3.amazonaws.com/photos/619562274/original.jpg,https://inaturalist-open-data.s3.amazonaws.com/photos/619551129/original.jpg"
String of Pearls,"https://inaturalist-open-data.s3.amazonaws.com/photos/619671249/original.jpg,https://inaturalist-open-data.s3.amazonaws.com/photos/619671266/original.jpg,https://inaturalist-open-data.s3.amazonaws.com/photos/619671290/original.jpg,https://inaturalist-open-data.s3.amazonaws.com/photos/619433024/original.jpg,https://inaturalist-open-data.s3.amazonaws.com/photos/619433036/original.jpg,https://inaturalist-open-data.s3.amazonaws.com/photos/617796557/original.jpg,https://inaturalist-open-data.s3.amazonaws.com/photos/617796142/original.jpg,https://inaturalist-open-data.s3.amazonaws.com/photos/616440286/original.jpg"
Jade Pothos,"https://eureka-farms.com/cdn/shop/products/image_6d50a41a-8389-49f7-93b5-1c50c0da907f.jpg?v=1659286158,https://eureka-farms.com/cdn/shop/products/image_ec9fd617-cc89-460c-a36c-8ee2c38e8d0e.jpg?v=1658905850&width=1500,https://www.brumleyandbloom.com/cdn/shop/products/image_2d554cdd-48d4-4b52-a4cc-18eea47c1da2.jpg?v=1626308557,https://edsplantshop.com/cdn/shop/files/epipremnum-aureum-pearls-and-jade-pothos-various-sizes-909575.jpg?v=1732259159,https://www.rollinggreens.com/cdn/shop/files/PothosGolden8inchClose2025_Feb_Ecomm_Cropped-116.jpg?v=1741298944&width=1080"
Swedish Ivy,"https://inaturalist-open-data.s3.amazonaws.com/photos/619819520/original.jpg,https://inaturalist-open-data.s3.amazonaws.com/photos/619819531/original.jpg,https://inaturalist-open-data.s3.amazonaws.com/photos/619702544/original.jpg,https://inaturalist-open-data.s3.amazonaws.com/photos/619441961/original.jpg,https://inaturalist-open-data.s3.amazonaws.com/photos/619204665/original.jpg,https://inaturalist-open-data.s3.amazonaws.com/photos/619117092/original.jpg,https://inaturalist-open-data.s3.amazonaws.com/photos/619117230/original.jpg,https://inaturalist-open-data.s3.amazonaws.com/photos/619118096/original.jpg"
Wandering Jew,"https://static.inaturalist.org/photos/619894656/original.jpg,https://inaturalist-open-data.s3.amazonaws.com/photos/619806363/original.jpg,https://inaturalist-open-data.s3.amazonaws.com/photos/619810553/original.jpg,https://inaturalist-open-data.s3.amazonaws.com/photos/619810587/original.jpg,https://inaturalist-open-data.s3.amazonaws.com/photos/619856160/original.jpg,https://inaturalist-open-data.s3.amazonaws.com/photos/619803369/original.jpg,https://inaturalist-open-data.s3.amazonaws.com/photos/619783506/original.jpg"
Hoya (Wax Plant),"https://gardenlady.com/wp-content/uploads/hoya-obovata.jpg,https://encrypted-tbn0.gstatic.com/images?q=tbn:ANd9GcQGOS17E2mPkez_RPcqYrQCPW3OrZFgAGx0pg&s,https://www.gardenia.net/wp-content/uploads/2024/03/shutterstock_2008845140.jpg,https://www.bhg.com/thmb/Zd65JSYCyuSXu2nzGIFu4LWsk2g=/1280x0/filters:no_upscale():strip_icc()/hoya-wax-plant-6411fa2f-98190a001a84432c88c8020d67bad07c.jpg,https://www.houseplant.co.uk/cdn/shop/files/krimson-queen.jpg?v=1745596485&width=1946"
African Violet,"https://inaturalist-open-data.s3.amazonaws.com/photos/619608143/original.jpg,https://inaturalist-open-data.s3.amazonaws.com/photos/619608163/original.jpg,https://inaturalist-open-data.s3.amazonaws.com/photos/619461258/original.jpg,https://inaturalist-open-data.s3.amazonaws.com/photos/619425683/original.jpg,https://inaturalist-open-data.s3.amazonaws.com/photos/619271660/original.jpg,https://static.inaturalist.org/photos/619150184/original.jpg"
Begonia (Outdoor),"https://www.rogersgardens.com/cdn/shop/articles/RG-orange-begonia-basket.jpg?v=1690393380,https://thursd.com/storage/media/39317/Outdoor-Begonias-testing-Koppe-Begonia---on-Thursd.jpg,https://images.ctfassets.net/zma7thmmcinb/5G8USHoQ2joS0liVvR0sRb/39b5cb829fe2ac17f57ac24db326ec8e/rex-begonia-sun-or-shade-lead.jpg,https://cdn.shopify.com/s/files/1/1740/1449/files/RG-Cane-Begonia.jpg?v=1620924682,https://extension.umn.edu/sites/extension.umn.edu/files/Begonia-WhopperRoseBronze.jpg"
Petunia (Trailing),"https://www.swallowtailgardenseeds.com/flowers/petunias/petunia-tickled-pink-climbing.jpg,https://atlturf.com/web/wp-content/uploads/2022/08/petunia-g60a6eef24_1280.jpg,https://gardeninginthemud.wordpress.com/wp-content/uploads/2013/09/wave-petunias.jpg,https://images.finegardening.com/app/uploads/2014/04/01092537/hanging-basket-fg61cg3478-49-700x1017.jpg,https://www.simplyseed.co.uk/user/blog-images/Best%20Trailing%20Petunias%20for%20Hanging%20Baskets.webp"
Begonia (Indoor),"https://thursd.com/storage/media/78547/Polka-Dot-Begonia-Spotlight-Dark-in-pot.jpg?1730458128382,https://cdn.shopify.com/s/files/1/0691/8363/5772/files/How_to_Take_Care_Of_and_Utilize_Begonia_Plants_1_600x600.jpg?v=1740992459,https://www.thespruce.com/thmb/Kul5xxbJ3A99kttMgjpiXehM_VQ=/1500x0/filters:no_upscale():max_bytes(150000):strip_icc()/grow-rex-begonia-1902492-5-94396a6711614886a9bfbbca7e6a9306.jpg,https://www.happyhouseplants.co.uk/cdn/shop/articles/unnamed-38.jpg?v=1676840599,https://cdn.shopify.com/s/files/1/0662/5489/files/Begonia-Care-Guide_-_pistils-nursery-2.jpg?v=1628196114"
Clematis,"https://inaturalist-open-data.s3.amazonaws.com/photos/619913060/original.jpg,https://inaturalist-open-data.s3.amazonaws.com/photos/619900120/original.jpg,https://inaturalist-open-data.s3.amazonaws.com/photos/619900143/original.jpg,https://inaturalist-open-data.s3.amazonaws.com/photos/619898152/original.jpg,https://inaturalist-open-data.s3.amazonaws.com/photos/619895386/original.jpg,https://inaturalist-open-data.s3.amazonaws.com/photos/619891011/original.jpg"
Calla Lily,"https://inaturalist-open-data.s3.amazonaws.com/photos/619912578/original.jpg,https://inaturalist-open-data.s3.amazonaws.com/photos/619898604/original.jpg,https://inaturalist-open-data.s3.amazonaws.com/photos/619898617/original.jpg,https://inaturalist-open-data.s3.amazonaws.com/photos/619898620/original.jpg,https://inaturalist-open-data.s3.amazonaws.com/photos/619891525/original.jpg,https://inaturalist-open-data.s3.amazonaws.com/photos/619879124/original.jpg,https://inaturalist-open-data.s3.amazonaws.com/photos/619874127/original.jpg"
Cineraria,"https://inaturalist-open-data.s3.amazonaws.com/photos/619842017/original.jpg,https://static.inaturalist.org/photos/619841781/original.jpg,https://inaturalist-open-data.s3.amazonaws.com/photos/619839878/original.jpg,https://inaturalist-open-data.s3.amazonaws.com/photos/619837234/original.jpg,https://inaturalist-open-data.s3.amazonaws.com/photos/619837139/original.jpg"
Heliotrope,"https://inaturalist-open-data.s3.amazonaws.com/photos/619917376/original.jpg,https://inaturalist-open-data.s3.amazonaws.com/photos/619917641/original.jpg,https://inaturalist-open-data.s3.amazonaws.com/photos/619917681/original.jpg,https://inaturalist-open-data.s3.amazonaws.com/photos/619902814/original.jpg,https://inaturalist-open-data.s3.amazonaws.com/photos/619902105/original.jpg,https://inaturalist-open-data.s3.amazonaws.com/photos/619899000/original.jpg,https://inaturalist-open-data.s3.amazonaws.com/photos/619899045/original.jpg,https://inaturalist-open-data.s3.amazonaws.com/photos/619897905/original.jpg"
Tuberose,"https://static.inaturalist.org/photos/619749041/original.jpg,https://static.inaturalist.org/photos/619749052/original.jpg,https://static.inaturalist.org/photos/619543421/original.jpg,https://static.inaturalist.org/photos/619543386/original.jpg,https://inaturalist-open-data.s3.amazonaws.com/photos/618324797/original.jpg,https://inaturalist-open-data.s3.amazonaws.com/photos/618324795/original.jpg,https://inaturalist-open-data.s3.amazonaws.com/photos/618306318/original.jpg"
Gazania,"https://inaturalist-open-data.s3.amazonaws.com/photos/619908485/original.jpg,https://static.inaturalist.org/photos/619863183/original.jpg,https://inaturalist-open-data.s3.amazonaws.com/photos/619853449/original.jpg,https://inaturalist-open-data.s3.amazonaws.com/photos/619853484/original.jpg,https://inaturalist-open-data.s3.amazonaws.com/photos/619853512/original.jpg,https://inaturalist-open-data.s3.amazonaws.com/photos/619847406/original.jpg,https://inaturalist-open-data.s3.amazonaws.com/photos/619810767/original.jpg,https://inaturalist-open-data.s3.amazonaws.com/photos/619810766/original.jpg,https://inaturalist-open-data.s3.amazonaws.com/photos/619810759/original.jpg"
Portulaca,"https://inaturalist-open-data.s3.amazonaws.com/photos/619898874/original.jpg,https://inaturalist-open-data.s3.amazonaws.com/photos/619894048/original.jpg,https://static.inaturalist.org/photos/619890642/original.jpg,https://inaturalist-open-data.s3.amazonaws.com/photos/619880832/original.jpg,https://inaturalist-open-data.s3.amazonaws.com/photos/619880862/original.jpg,https://inaturalist-open-data.s3.amazonaws.com/photos/619858999/original.jpg,https://inaturalist-open-data.s3.amazonaws.com/photos/619859033/original.jpg"
Coleus,"https://inaturalist-open-data.s3.amazonaws.com/photos/619895749/original.jpg,https://inaturalist-open-data.s3.amazonaws.com/photos/619881602/original.jpg,https://inaturalist-open-data.s3.amazonaws.com/photos/619881352/original.jpg,https://inaturalist-open-data.s3.amazonaws.com/photos/619878481/original.jpg,https://inaturalist-open-data.s3.amazonaws.com/photos/619875735/original.jpg,https://inaturalist-open-data.s3.amazonaws.com/photos/619875755/original.jpg"
Dusty Miller,"https://inaturalist-open-data.s3.amazonaws.com/photos/619865086/original.jpg,https://inaturalist-open-data.s3.amazonaws.com/photos/619865087/original.jpg,https://static.inaturalist.org/photos/619841781/original.jpg,https://inaturalist-open-data.s3.amazonaws.com/photos/619800827/original.jpg,https://inaturalist-open-data.s3.amazonaws.com/photos/619800562/original.jpg,https://inaturalist-open-data.s3.amazonaws.com/photos/619805893/original.jpg,https://inaturalist-open-data.s3.amazonaws.com/photos/619732541/original.jpg"
Dianella,"https://inaturalist-open-data.s3.amazonaws.com/photos/619822699/original.jpg,https://inaturalist-open-data.s3.amazonaws.com/photos/619823071/original.jpg,https://inaturalist-open-data.s3.amazonaws.com/photos/619823101/original.jpg,https://static.inaturalist.org/photos/619776576/original.jpg,https://inaturalist-open-data.s3.amazonaws.com/photos/619759813/original.jpg,https://inaturalist-open-data.s3.amazonaws.com/photos/619759806/original.jpg,https://inaturalist-open-data.s3.amazonaws.com/photos/619756814/original.jpg,https://inaturalist-open-data.s3.amazonaws.com/photos/619751835/original.jpg,https://inaturalist-open-data.s3.amazonaws.com/photos/619751862/original.jpg,https://inaturalist-open-data.s3.amazonaws.com/photos/619751884/original.jpg"
Lantana,"https://inaturalist-open-data.s3.amazonaws.com/photos/619917307/original.jpg,https://inaturalist-open-data.s3.amazonaws.com/photos/619917374/original.jpg,https://inaturalist-open-data.s3.amazonaws.com/photos/619917419/original.jpg,https://inaturalist-open-data.s3.amazonaws.com/photos/619914076/original.jpg,https://inaturalist-open-data.s3.amazonaws.com/photos/619913622/original.jpg,https://inaturalist-open-data.s3.amazonaws.com/photos/619913655/original.jpg,https://inaturalist-open-data.s3.amazonaws.com/photos/619913681/original.jpg,https://inaturalist-open-data.s3.amazonaws.com/photos/619912226/original.jpg,https://inaturalist-open-data.s3.amazonaws.com/photos/619901457/original.jpg,https://inaturalist-open-data.s3.amazonaws.com/photos/619901493/original.jpg"
Yucca,"https://inaturalist-open-data.s3.amazonaws.com/photos/619917761/original.jpg,https://inaturalist-open-data.s3.amazonaws.com/photos/619917794/original.jpg,https://inaturalist-open-data.s3.amazonaws.com/photos/619917832/original.jpg,https://inaturalist-open-data.s3.amazonaws.com/photos/619899584/original.jpg,https://inaturalist-open-data.s3.amazonaws.com/photos/619912209/original.jpg,https://inaturalist-open-data.s3.amazonaws.com/photos/619911217/original.jpg,https://inaturalist-open-data.s3.amazonaws.com/photos/619907156/original.jpg"
Acalypha,"https://inaturalist-open-data.s3.amazonaws.com/photos/619914129/original.jpg,https://inaturalist-open-data.s3.amazonaws.com/photos/619914161/original.jpg,https://inaturalist-open-data.s3.amazonaws.com/photos/619900339/original.jpg,https://inaturalist-open-data.s3.amazonaws.com/photos/619900371/original.jpg,https://inaturalist-open-data.s3.amazonaws.com/photos/619898684/original.jpg,https://inaturalist-open-data.s3.amazonaws.com/photos/619898697/original.jpg,https://inaturalist-open-data.s3.amazonaws.com/photos/619898718/original.jpg,https://inaturalist-open-data.s3.amazonaws.com/photos/619899843/original.jpg,https://inaturalist-open-data.s3.amazonaws.com/photos/619891944/original.jpg,https://inaturalist-open-data.s3.amazonaws.com/photos/619892010/original.jpg,https://inaturalist-open-data.s3.amazonaws.com/photos/619892014/original.jpg"
Viola,"https://inaturalist-open-data.s3.amazonaws.com/photos/619919503/original.jpg,https://inaturalist-open-data.s3.amazonaws.com/photos/619918941/original.jpg,https://inaturalist-open-data.s3.amazonaws.com/photos/619918430/original.jpg,https://inaturalist-open-data.s3.amazonaws.com/photos/619917153/original.jpg,https://inaturalist-open-data.s3.amazonaws.com/photos/619917165/original.jpg,https://static.inaturalist.org/photos/619916777/original.jpg,https://static.inaturalist.org/photos/619916806/original.jpg,https://static.inaturalist.org/photos/619916834/original.jpg"
Jasmine (Outdoor),"https://www.thespruce.com/thmb/TolkPzwTIRAu5a2aUO8ZSAoimm8=/683x0/filters:no_upscale():max_bytes(150000):strip_icc()/GettyImages-1518339001-fc6c5847f258415ca36403be6e813d5d.jpg,https://images.immediate.co.uk/production/volatile/sites/10/2018/10/2048x1365-Jasminum-officinale-Grow-Guide-LI3497449-b32dacf.jpg,https://images.immediate.co.uk/production/volatile/sites/10/2018/12/2048x1365-gg-Trachelospermum-LI3130730-66fa2df.jpg,https://www.gardenia.net/wp-content/uploads/2023/05/jasmine-how-to-grow-and-care-with-success-780x520.webp,https://cdn.shopify.com/s/files/1/0059/8835/2052/products/Star_Jasmine_1_FGT.jpg?v=1612444386"
Sweet William,"https://inaturalist-open-data.s3.amazonaws.com/photos/619906943/original.jpg,https://inaturalist-open-data.s3.amazonaws.com/photos/619821610/original.jpg,https://inaturalist-open-data.s3.amazonaws.com/photos/619809247/original.jpg,https://inaturalist-open-data.s3.amazonaws.com/photos/619809269/original.jpg,https://inaturalist-open-data.s3.amazonaws.com/photos/619809266/original.jpg,https://inaturalist-open-data.s3.amazonaws.com/photos/619687470/original.jpg,https://inaturalist-open-data.s3.amazonaws.com/photos/619490996/original.jpg"
Campanula,"https://inaturalist-open-data.s3.amazonaws.com/photos/619916905/original.jpg,https://inaturalist-open-data.s3.amazonaws.com/photos/619911555/original.jpg,https://inaturalist-open-data.s3.amazonaws.com/photos/619910690/original.jpg,https://inaturalist-open-data.s3.amazonaws.com/photos/619902846/original.jpg,https://inaturalist-open-data.s3.amazonaws.com/photos/619903202/original.jpg,https://inaturalist-open-data.s3.amazonaws.com/photos/619903278/original.jpg,https://static.inaturalist.org/photos/619901214/original.jpg,https://static.inaturalist.org/photos/619901246/original.jpg,https://static.inaturalist.org/photos/619901239/original.jpg"
Black-Eyed Susan,"https://inaturalist-open-data.s3.amazonaws.com/photos/619866821/original.jpg,https://inaturalist-open-data.s3.amazonaws.com/photos/619866827/original.jpg,https://inaturalist-open-data.s3.amazonaws.com/photos/619865131/original.jpg,https://inaturalist-open-data.s3.amazonaws.com/photos/619831659/original.jpg,https://inaturalist-open-data.s3.amazonaws.com/photos/619831681/original.jpg,https://inaturalist-open-data.s3.amazonaws.com/photos/619835915/original.jpg,https://inaturalist-open-data.s3.amazonaws.com/photos/619835953/original.jpg,https://inaturalist-open-data.s3.amazonaws.com/photos/619836031/original.jpg,https://inaturalist-open-data.s3.amazonaws.com/photos/619822443/original.jpg,https://inaturalist-open-data.s3.amazonaws.com/photos/619816665/original.jpg"
Bachelors Button,"https://static.inaturalist.org/photos/619919367/original.jpg,https://static.inaturalist.org/photos/619919366/original.jpg,https://static.inaturalist.org/photos/619919365/original.jpg,https://inaturalist-open-data.s3.amazonaws.com/photos/619884773/original.jpg,https://inaturalist-open-data.s3.amazonaws.com/photos/619842118/original.jpg,https://inaturalist-open-data.s3.amazonaws.com/photos/619819289/original.jpg,https://inaturalist-open-data.s3.amazonaws.com/photos/619805939/original.jpg"
Sea Holly,"https://inaturalist-open-data.s3.amazonaws.com/photos/619919553/original.jpg,https://inaturalist-open-data.s3.amazonaws.com/photos/619908001/original.jpg,https://inaturalist-open-data.s3.amazonaws.com/photos/619896138/original.jpg,https://inaturalist-open-data.s3.amazonaws.com/photos/619896126/original.jpg,https://inaturalist-open-data.s3.amazonaws.com/photos/619882329/original.jpg,https://static.inaturalist.org/photos/619856849/original.jpg"
Bellflower,"https://inaturalist-open-data.s3.amazonaws.com/photos/619914989/original.jpg,https://inaturalist-open-data.s3.amazonaws.com/photos/619911555/original.jpg,https://inaturalist-open-data.s3.amazonaws.com/photos/619910690/original.jpg,https://inaturalist-open-data.s3.amazonaws.com/photos/619904378/original.jpg,https://inaturalist-open-data.s3.amazonaws.com/photos/619904380/original.jpg,https://inaturalist-open-data.s3.amazonaws.com/photos/619904400/original.jpg,https://inaturalist-open-data.s3.amazonaws.com/photos/619904407/original.jpg,https://inaturalist-open-data.s3.amazonaws.com/photos/619904415/original.jpg,https://inaturalist-open-data.s3.amazonaws.com/photos/619904408/original.jpg,https://static.inaturalist.org/photos/619901214/original.jpg,https://static.inaturalist.org/photos/619901246/original.jpg,https://static.inaturalist.org/photos/619901239/original.jpg"
Daylily,"https://inaturalist-open-data.s3.amazonaws.com/photos/619890607/original.jpg,https://inaturalist-open-data.s3.amazonaws.com/photos/619862352/original.jpg,https://inaturalist-open-data.s3.amazonaws.com/photos/619847223/original.jpg,https://inaturalist-open-data.s3.amazonaws.com/photos/619809119/original.jpg,https://inaturalist-open-data.s3.amazonaws.com/photos/619780466/original.jpg"
Yarrow,"https://inaturalist-open-data.s3.amazonaws.com/photos/619919511/original.jpg,https://inaturalist-open-data.s3.amazonaws.com/photos/619919552/original.jpg,https://inaturalist-open-data.s3.amazonaws.com/photos/619919580/original.jpg,https://inaturalist-open-data.s3.amazonaws.com/photos/619918267/original.jpg,https://inaturalist-open-data.s3.amazonaws.com/photos/619918264/original.jpg,https://inaturalist-open-data.s3.amazonaws.com/photos/619918270/original.jpg,https://inaturalist-open-data.s3.amazonaws.com/photos/619918258/original.jpg,https://inaturalist-open-data.s3.amazonaws.com/photos/619918268/original.jpg,https://static.inaturalist.org/photos/619916349/original.jpg,https://inaturalist-open-data.s3.amazonaws.com/photos/619906827/original.jpg,https://inaturalist-open-data.s3.amazonaws.com/photos/619907245/original.jpg,https://inaturalist-open-data.s3.amazonaws.com/photos/619907292/original.jpg,https://inaturalist-open-data.s3.amazonaws.com/photos/619907307/original.jpg,https://inaturalist-open-data.s3.amazonaws.com/photos/619904145/original.jpg"
Feverfew,"https://static.inaturalist.org/photos/619869219/original.jpg,https://inaturalist-open-data.s3.amazonaws.com/photos/619837229/original.jpg,https://inaturalist-open-data.s3.amazonaws.com/photos/619837233/original.jpg,https://inaturalist-open-data.s3.amazonaws.com/photos/619829965/original.jpg,https://static.inaturalist.org/photos/619828745/original.jpg,https://static.inaturalist.org/photos/619828737/original.jpg,https://inaturalist-open-data.s3.amazonaws.com/photos/619820963/original.jpg"
Rudbeckia,"https://inaturalist-open-data.s3.amazonaws.com/photos/619874574/original.jpg,https://inaturalist-open-data.s3.amazonaws.com/photos/619866821/original.jpg,https://inaturalist-open-data.s3.amazonaws.com/photos/619866827/original.jpg,https://inaturalist-open-data.s3.amazonaws.com/photos/619865131/original.jpg,https://inaturalist-open-data.s3.amazonaws.com/photos/619849442/original.jpg,https://inaturalist-open-data.s3.amazonaws.com/photos/619849459/original.jpg,https://inaturalist-open-data.s3.amazonaws.com/photos/619831659/original.jpg,https://inaturalist-open-data.s3.amazonaws.com/photos/619831681/original.jpg,https://inaturalist-open-data.s3.amazonaws.com/photos/619835915/original.jpg,https://inaturalist-open-data.s3.amazonaws.com/photos/619835953/original.jpg,https://inaturalist-open-data.s3.amazonaws.com/photos/619836031/original.jpg"
Echinacea,"https://inaturalist-open-data.s3.amazonaws.com/photos/619874574/original.jpg,https://inaturalist-open-data.s3.amazonaws.com/photos/619776887/original.jpg,https://inaturalist-open-data.s3.amazonaws.com/photos/619776892/original.jpg,https://inaturalist-open-data.s3.amazonaws.com/photos/619745414/original.jpg,https://inaturalist-open-data.s3.amazonaws.com/photos/619745410/original.jpg,https://inaturalist-open-data.s3.amazonaws.com/photos/619743048/original.jpg,https://inaturalist-open-data.s3.amazonaws.com/photos/619733919/original.jpg,https://inaturalist-open-data.s3.amazonaws.com/photos/619733897/original.jpg"
Alyssum,"https://static.inaturalist.org/photos/619907810/original.jpg,https://static.inaturalist.org/photos/619907838/original.jpg,https://static.inaturalist.org/photos/619907872/original.jpg,https://static.inaturalist.org/photos/619907904/original.jpg,https://inaturalist-open-data.s3.amazonaws.com/photos/619901385/original.jpg,https://inaturalist-open-data.s3.amazonaws.com/photos/619901508/original.jpg,https://inaturalist-open-data.s3.amazonaws.com/photos/619892495/original.jpg,https://inaturalist-open-data.s3.amazonaws.com/photos/619877624/original.jpg,https://inaturalist-open-data.s3.amazonaws.com/photos/619873566/original.jpg,https://inaturalist-open-data.s3.amazonaws.com/photos/619873568/original.jpg"
Ice Plant,"https://inaturalist-open-data.s3.amazonaws.com/photos/619895310/original.jpg,https://inaturalist-open-data.s3.amazonaws.com/photos/619895308/original.jpg,https://inaturalist-open-data.s3.amazonaws.com/photos/619889002/original.jpg,https://inaturalist-open-data.s3.amazonaws.com/photos/619889265/original.jpg,https://inaturalist-open-data.s3.amazonaws.com/photos/619889782/original.jpg,https://inaturalist-open-data.s3.amazonaws.com/photos/619885689/original.jpg,https://inaturalist-open-data.s3.amazonaws.com/photos/619885707/original.jpg,https://inaturalist-open-data.s3.amazonaws.com/photos/619861393/original.jpg,https://inaturalist-open-data.s3.amazonaws.com/photos/619861446/original.jpg"
Neem Tree,"https://static.inaturalist.org/photos/619880348/original.jpg,https://static.inaturalist.org/photos/619817217/original.jpg,https://inaturalist-open-data.s3.amazonaws.com/photos/619812714/original.jpg,https://inaturalist-open-data.s3.amazonaws.com/photos/619807545/original.jpg,https://inaturalist-open-data.s3.amazonaws.com/photos/619701165/original.jpg,https://inaturalist-open-data.s3.amazonaws.com/photos/619701138/original.jpg"
Peepal Tree (Bodhi Tree),"https://www.gardenia.net/wp-content/uploads/2024/01/shutterstock_2164448293.jpg,https://upload.wikimedia.org/wikipedia/commons/e/e4/Bodhgaya_3639641913_f4c5f73689_t.jpg,https://growbilliontrees.com/cdn/shop/articles/peepal-tree-signifiance-jainism_2e802214-75c3-4fbc-b289-340224f7e3d6.jpg?v=1744534083,https://encrypted-tbn0.gstatic.com/images?q=tbn:ANd9GcTcTfbdRIhYDiqVSdtav68al2vkPrz2ehsUQw&s,https://m.media-amazon.com/images/I/91On6KqX0tL.jpg"
Banyan Tree (Bargad),"https://encrypted-tbn0.gstatic.com/images?q=tbn:ANd9GcQQg5PPfBy0ig0N0NaaMji8e3XgRYJRJM1W3g&s,https://encrypted-tbn0.gstatic.com/images?q=tbn:ANd9GcRjGoKR5tavhxaTnlgrHtUC8GbUyyticQmQ-g&s,https://encrypted-tbn0.gstatic.com/images?q=tbn:ANd9GcR0gakWcN82mFUrQEpSD4Erdj_3PhqJ6nmbzQ&s,https://encrypted-tbn0.gstatic.com/images?q=tbn:ANd9GcQyh6vVsXG5mmr38_mMC-N7U9fZjyfn2Hqtjw&s,https://encrypted-tbn0.gstatic.com/images?q=tbn:ANd9GcSvVi9SZupURSuEQJFhTrTloGGU1wQGChpcGg&s"
Kikar Tree (Acacia),"https://growbilliontrees.com/cdn/shop/articles/kikar-tree-grow-illion-tree.jpg?v=1712819321,https://upload.wikimedia.org/wikipedia/commons/thumb/6/6a/Macro_view_of_thorn_and_leaves_of_a_Babul_tree_%28Vachellia_nilotica%29_from_Rajasthan%2C_India.jpg/250px-Macro_view_of_thorn_and_leaves_of_a_Babul_tree_%28Vachellia_nilotica%29_from_Rajasthan%2C_India.jpg,https://encrypted-tbn0.gstatic.com/images?q=tbn:ANd9GcTfuXyKFTEdgfS6TtjMjjWWDPIj3iHPskpnNw&s,https://www.shutterstock.com/image-photo/kikar-tree-known-babul-acacia-260nw-2680528089.jpg,https://as1.ftcdn.net/v2/jpg/13/67/70/46/1000_F_1367704619_vMehP7OcF3dO4pOuRQfmBlWHBOBIJPhD.jpg"
Sheesham Tree,"https://encrypted-tbn0.gstatic.com/images?q=tbn:ANd9GcR9sOnEyW-oj-cgmnh7ua1AiYiHPylMQ-ADbA&s,https://i0.wp.com/greenverz.com/wp-content/uploads/2023/09/Greenverz-Sheesham-tree-001.png?fit=447%2C540&ssl=1,https://media.istockphoto.com/id/1804232058/photo/dalbergia-sissoo-known-commonly-as-north-indian-rosewood-or-shisham-is-a-fast-growing-hardy.jpg?s=612x612&w=0&k=20&c=6sBRvk4QGPaOyEpnjjpX8k6Fxn_-EXsyld9w8Dc25G4=,https://encrypted-tbn0.gstatic.com/images?q=tbn:ANd9GcQvzHHjx-lIf30OLVhajIItvFYO0885iKg03w&s,https://encrypted-tbn0.gstatic.com/images?q=tbn:ANd9GcRDEA26WM57GMKuE1hAFAdIQniqhPCdZGnkmQ&s"
Gul Mohar (Flame Tree),"https://encrypted-tbn0.gstatic.com/images?q=tbn:ANd9GcTziHHsc040KxOSrM2Oj4NDffp5JQj9U2U6MQ&s,https://encrypted-tbn0.gstatic.com/images?q=tbn:ANd9GcRIPGd1VWwViI_c4kJw4PbWbi6BbD2EsJ0vgQ&s,https://encrypted-tbn0.gstatic.com/images?q=tbn:ANd9GcRCPacBCE2hI8M7QizQbBbvG0HiuGHKpzDlGw&s,https://media.istockphoto.com/id/491243019/photo/peacock-flower.jpg?s=612x612&w=0&k=20&c=btlYmKpvdmu70wnhIX9K9umV-g4FyDrpCBVc0xVjnQU=,https://m.media-amazon.com/images/I/71IC8RakE8L.jpg"
Amaltas (Golden Shower),"https://encrypted-tbn0.gstatic.com/images?q=tbn:ANd9GcSpf1QGKucGotSQxF9_CMgX0BQoDK97qfL2hA&s,https://encrypted-tbn0.gstatic.com/images?q=tbn:ANd9GcTIcnu3mAQRmHCir5vRau5e3oYGaf2vie0MKQ&s,https://encrypted-tbn0.gstatic.com/images?q=tbn:ANd9GcRu0gE7eTCyGdXD00uLxmzX4sNpjg1Xq711bA&s,https://plantsguru.com/cdn/shop/files/Golden_Shower_Tree_-_Amaltas_Cassia_Fistula_Plant.jpg?v=1747054205,https://www.saharanpurnursery.in/cdn/shop/files/Cassia_Fistula_Amaltash_Golden_Shower_Tree_In_Wholesale_450x450.jpg?v=1733423246"
Date Palm (Khajoor),"https://upload.wikimedia.org/wikipedia/commons/thumb/4/45/Dates005.jpg/250px-Dates005.jpg,https://encrypted-tbn0.gstatic.com/images?q=tbn:ANd9GcS2LpiLuZeEfNYqqR2KveWn5s6c3gvpGkyLUQ&s,https://www.naturenursery.in/wp-content/uploads/2020/02/date-palm-tree...jpg,https://encrypted-tbn0.gstatic.com/images?q=tbn:ANd9GcS5xC9VYN1PZ1pxgwNwrnX2boYTdGSAsH2_vw&s,https://www.easyayurveda.com/wp-content/uploads/2017/10/Date-Palm-Wild-Palm-Kharjura1.jpg"
Ber Tree (Indian Jujube),"https://sowexotic.com/cdn/shop/products/indianjujubefruittreeliveplantforsalesowexotic_1_1080x.png?v=1634650454,https://encrypted-tbn0.gstatic.com/images?q=tbn:ANd9GcTSRV4_vFZ34ykdxD3k26BkzK1HgFidl97bLg&s,https://encrypted-tbn0.gstatic.com/images?q=tbn:ANd9GcRZs3iArRIDEPWd1oLE55GlwjlEx_vmomZDTA&s,https://encrypted-tbn0.gstatic.com/images?q=tbn:ANd9GcR9q5lW6zSYhA5ut9UhD3oCf30OrCe0zucFUw&s,https://encrypted-tbn0.gstatic.com/images?q=tbn:ANd9GcQzAILaFK8JS6CYRY0sqTHAhny-FO08-nEJ5g&s"
Ageratum,"https://static.inaturalist.org/photos/619869072/original.jpg,https://inaturalist-open-data.s3.amazonaws.com/photos/619866447/original.jpg,https://inaturalist-open-data.s3.amazonaws.com/photos/619833124/original.jpg,https://static.inaturalist.org/photos/619855437/original.jpg,https://inaturalist-open-data.s3.amazonaws.com/photos/619840604/original.jpg"
Beggonia (Outdoor),"https://www.rogersgardens.com/cdn/shop/articles/RG-orange-begonia-basket.jpg?v=1690393380,https://images.ctfassets.net/zma7thmmcinb/5G8USHoQ2joS0liVvR0sRb/39b5cb829fe2ac17f57ac24db326ec8e/rex-begonia-sun-or-shade-lead.jpg,https://cdn.shopify.com/s/files/1/1740/1449/files/RG-Cane-Begonia.jpg?v=1620924682,https://extension.umn.edu/sites/extension.umn.edu/files/Begonia-WhopperRoseBronze.jpg,https://www.gertens.com/media/catalog/product/cache/552aa5ee50ba4e27dfcb5fa3e4dca5ac/b/e/begonia-rieger-with-spike-pp-16in.jpg"
Amaryllis,"https://inaturalist-open-data.s3.amazonaws.com/photos/619913200/original.jpg,https://inaturalist-open-data.s3.amazonaws.com/photos/619913381/original.jpg,https://inaturalist-open-data.s3.amazonaws.com/photos/619913866/original.jpg,https://inaturalist-open-data.s3.amazonaws.com/photos/619887199/original.jpg,https://inaturalist-open-data.s3.amazonaws.com/photos/619899370/original.jpg,https://inaturalist-open-data.s3.amazonaws.com/photos/619899402/original.jpg,https://inaturalist-open-data.s3.amazonaws.com/photos/619879129/original.jpg,https://inaturalist-open-data.s3.amazonaws.com/photos/619875342/original.jpg"
Chrysanthemum (Outdoor),"https://yardandgarden.extension.iastate.edu/files/2024-09/IMG_7420%20%281%29.jpg,https://i5.walmartimages.com/seo/Artificial-Mums-Outdoors-5-10-15-Bundles-Artificial-Sunset-Chrysanthemum-Flowers-Fade-Fall-Faux-Flower-UV-Resistant-Waterproof-Windproof-Outdoor-Deco_1403694b-2f78-44cd-8e39-1be4ccab6c52.b9da2df76cab1d39b7de7fbdf9aa33d5.jpeg?odnHeight=768&odnWidth=768&odnBg=FFFFFF,https://mygardenlife.com/wp-content/uploads/2023/01/2022_09_lead_potted-mums-on-stairs_shutterstock_1600162378.jpg"
Japanese Maple,"https://inaturalist-open-data.s3.amazonaws.com/photos/619842584/original.jpg,https://static.inaturalist.org/photos/619634842/original.jpg,https://static.inaturalist.org/photos/619634932/original.jpg,https://static.inaturalist.org/photos/619634682/original.jpg,https://inaturalist-open-data.s3.amazonaws.com/photos/619617610/original.jpg,https://inaturalist-open-data.s3.amazonaws.com/photos/619574559/original.jpg"
Euphorbia,"https://static.inaturalist.org/photos/619882168/original.jpg,https://inaturalist-open-data.s3.amazonaws.com/photos/616663463/original.jpg,https://inaturalist-open-data.s3.amazonaws.com/photos/616652888/original.jpg,https://inaturalist-open-data.s3.amazonaws.com/photos/616652903/original.jpg,https://inaturalist-open-data.s3.amazonaws.com/photos/616654491/original.jpg,https://inaturalist-open-data.s3.amazonaws.com/photos/616654512/original.jpg,https://inaturalist-open-data.s3.amazonaws.com/photos/616654531/original.jpg,https://inaturalist-open-data.s3.amazonaws.com/photos/616654555/original.jpg,https://inaturalist-open-data.s3.amazonaws.com/photos/616654572/original.jpg,https://inaturalist-open-data.s3.amazonaws.com/photos/616652885/original.jpg,https://inaturalist-open-data.s3.amazonaws.com/photos/616652827/original.jpg,https://inaturalist-open-data.s3.amazonaws.com/photos/616652835/original.jpg,https://inaturalist-open-data.s3.amazonaws.com/photos/616652841/original.jpg,https://inaturalist-open-data.s3.amazonaws.com/photos/616652847/original.jpg,https://inaturalist-open-data.s3.amazonaws.com/photos/616652855/original.jpg,https://inaturalist-open-data.s3.amazonaws.com/photos/616652860/original.jpg,https://inaturalist-open-data.s3.amazonaws.com/photos/616652870/original.jpg,https://inaturalist-open-data.s3.amazonaws.com/photos/616609656/original.jpg,https://inaturalist-open-data.s3.amazonaws.com/photos/616609770/original.jpg,https://static.inaturalist.org/photos/616581332/original.jpg"
Pineapple Sage,"https://inaturalist-open-data.s3.amazonaws.com/photos/619848647/original.jpg,https://static.inaturalist.org/photos/619401328/original.jpg,https://static.inaturalist.org/photos/619401353/original.jpg,https://inaturalist-open-data.s3.amazonaws.com/photos/619173884/original.jpg,https://inaturalist-open-data.s3.amazonaws.com/photos/619170328/original.jpg,https://inaturalist-open-data.s3.amazonaws.com/photos/619170353/original.jpg,https://inaturalist-open-data.s3.amazonaws.com/photos/619102232/original.jpg,https://inaturalist-open-data.s3.amazonaws.com/photos/619102253/original.jpg,https://inaturalist-open-data.s3.amazonaws.com/photos/619102265/original.jpg,https://inaturalist-open-data.s3.amazonaws.com/photos/619102293/original.jpg"
Cucumbers,"https://inaturalist-open-data.s3.amazonaws.com/photos/619916591/original.jpg,https://inaturalist-open-data.s3.amazonaws.com/photos/619916721/original.jpg,https://static.inaturalist.org/photos/619916055/original.jpg,https://static.inaturalist.org/photos/619916065/original.jpg,https://static.inaturalist.org/photos/619916066/original.jpg,https://inaturalist-open-data.s3.amazonaws.com/photos/619913721/original.jpg,https://inaturalist-open-data.s3.amazonaws.com/photos/619913827/original.jpg,https://inaturalist-open-data.s3.amazonaws.com/photos/619911925/original.jpg,https://inaturalist-open-data.s3.amazonaws.com/photos/619912871/original.jpg,https://inaturalist-open-data.s3.amazonaws.com/photos/619912905/original.jpg,https://inaturalist-open-data.s3.amazonaws.com/photos/619912932/original.jpg"
Maranta (Prayer Plant),"https://www.happyhouseplants.co.uk/cdn/shop/articles/Maranta_4.jpg?v=1646653024,https://cdn11.bigcommerce.com/s-oqm1pc/images/stencil/1280x1280/products/6857/28583/8_MARANTA_RED_TEMP_3.12.24__57448.1713469994.jpg?c=3,https://bouqs.com/blog/wp-content/uploads/2023/06/shutterstock_1852811200-min.jpg"
Kalanchoe,"https://inaturalist-open-data.s3.amazonaws.com/photos/619893915/original.jpg,https://inaturalist-open-data.s3.amazonaws.com/photos/619893850/original.jpg,https://inaturalist-open-data.s3.amazonaws.com/photos/619892465/original.jpg,https://inaturalist-open-data.s3.amazonaws.com/photos/619885025/original.jpg,https://inaturalist-open-data.s3.amazonaws.com/photos/619878187/original.jpg,https://inaturalist-open-data.s3.amazonaws.com/photos/619878192/original.jpg"
Pilea,"https://inaturalist-open-data.s3.amazonaws.com/photos/619833829/original.jpg,https://static.inaturalist.org/photos/619825257/original.jpg,https://inaturalist-open-data.s3.amazonaws.com/photos/619818382/original.jpg,https://inaturalist-open-data.s3.amazonaws.com/photos/619818415/original.jpg,https://inaturalist-open-data.s3.amazonaws.com/photos/619812528/original.jpg,https://static.inaturalist.org/photos/619808642/original.jpg"
Pothos (Golden Pathos),"https://nouveauraw.com/wp-content/uploads/2020/01/Pothos-Golden-Pothos-plant-FF.png,https://abeautifulmess.com/wp-content/uploads/2023/06/GoldenPothos-1.jpg,https://shop.hicksnurseries.com/cdn/shop/products/available-for-pickup-delivery-indoor-plants-pothos-golden-8-inch-hanging-basket-23761167450304_2048x.jpg?v=1740510149"
Areca Palm,"https://inaturalist-open-data.s3.amazonaws.com/photos/619859114/original.jpg,https://inaturalist-open-data.s3.amazonaws.com/photos/619854082/original.jpg,https://inaturalist-open-data.s3.amazonaws.com/photos/619803759/original.jpg,https://inaturalist-open-data.s3.amazonaws.com/photos/619795163/original.jpg,https://inaturalist-open-data.s3.amazonaws.com/photos/619795007/original.jpg"
Ficus Benjamina,"https://inaturalist-open-data.s3.amazonaws.com/photos/619871556/original.jpg,https://inaturalist-open-data.s3.amazonaws.com/photos/619791702/original.jpg,https://inaturalist-open-data.s3.amazonaws.com/photos/619765895/original.jpg,https://static.inaturalist.org/photos/619760153/original.jpg,https://inaturalist-open-data.s3.amazonaws.com/photos/619709267/original.jpg"
Mimosa,"https://inaturalist-open-data.s3.amazonaws.com/photos/619918267/original.jpg,https://inaturalist-open-data.s3.amazonaws.com/photos/619918264/original.jpg,https://inaturalist-open-data.s3.amazonaws.com/photos/619918270/original.jpg,https://inaturalist-open-data.s3.amazonaws.com/photos/619918258/original.jpg,https://inaturalist-open-data.s3.amazonaws.com/photos/619918268/original.jpg,https://inaturalist-open-data.s3.amazonaws.com/photos/619917840/original.jpg,https://static.inaturalist.org/photos/619905276/original.jpg,https://inaturalist-open-data.s3.amazonaws.com/photos/619912217/original.jpg,https://inaturalist-open-data.s3.amazonaws.com/photos/619903819/original.jpg,https://inaturalist-open-data.s3.amazonaws.com/photos/619903863/original.jpg,https://inaturalist-open-data.s3.amazonaws.com/photos/619903960/original.jpg,https://inaturalist-open-data.s3.amazonaws.com/photos/619904112/original.jpg"
Lavender (English),"https://inaturalist-open-data.s3.amazonaws.com/photos/619873382/original.jpg,https://inaturalist-open-data.s3.amazonaws.com/photos/619867257/original.jpg,https://static.inaturalist.org/photos/619762473/original.jpg,https://static.inaturalist.org/photos/619742703/original.jpg,https://inaturalist-open-data.s3.amazonaws.com/photos/619699718/original.jpg"
Zucchini,"https://inaturalist-open-data.s3.amazonaws.com/photos/619539754/original.jpg,https://inaturalist-open-data.s3.amazonaws.com/photos/619327320/original.jpg,https://inaturalist-open-data.s3.amazonaws.com/photos/618961596/original.jpg,https://inaturalist-open-data.s3.amazonaws.com/photos/618817770/original.jpg,https://inaturalist-open-data.s3.amazonaws.com/photos/618781271/original.jpg,https://inaturalist-open-data.s3.amazonaws.com/photos/618781231/original.jpg,https://inaturalist-open-data.s3.amazonaws.com/photos/618781184/original.jpg,https://inaturalist-open-data.s3.amazonaws.com/photos/618781070/original.jpg"
Chili Pepper,"https://inaturalist-open-data.s3.amazonaws.com/photos/619843055/original.jpg,https://inaturalist-open-data.s3.amazonaws.com/photos/619802635/original.jpg,https://inaturalist-open-data.s3.amazonaws.com/photos/619673009/original.jpg,https://inaturalist-open-data.s3.amazonaws.com/photos/619664379/original.jpg,https://static.inaturalist.org/photos/619636101/original.jpg"
Radish,"https://inaturalist-open-data.s3.amazonaws.com/photos/619903856/original.jpg,https://inaturalist-open-data.s3.amazonaws.com/photos/619904994/original.jpg,https://inaturalist-open-data.s3.amazonaws.com/photos/619903451/original.jpg,https://inaturalist-open-data.s3.amazonaws.com/photos/619896909/original.jpg,https://inaturalist-open-data.s3.amazonaws.com/photos/619896078/original.jpg,https://inaturalist-open-data.s3.amazonaws.com/photos/619896124/original.jpg"
Grape Vine,"https://inaturalist-open-data.s3.amazonaws.com/photos/619840462/original.jpg,https://static.inaturalist.org/photos/619577380/original.jpg,https://static.inaturalist.org/photos/619285314/original.jpg,https://inaturalist-open-data.s3.amazonaws.com/photos/619269727/original.jpg,https://inaturalist-open-data.s3.amazonaws.com/photos/619147066/original.jpg"
Cherry Blossom,"https://static.inaturalist.org/photos/619917094/original.jpg,https://inaturalist-open-data.s3.amazonaws.com/photos/619532614/original.jpg,https://inaturalist-open-data.s3.amazonaws.com/photos/619532502/original.jpg,https://inaturalist-open-data.s3.amazonaws.com/photos/619532534/original.jpg,https://inaturalist-open-data.s3.amazonaws.com/photos/619532624/original.jpg,https://inaturalist-open-data.s3.amazonaws.com/photos/619532726/original.jpg,https://inaturalist-open-data.s3.amazonaws.com/photos/618631776/original.jpg,https://inaturalist-open-data.s3.amazonaws.com/photos/618472718/original.jpg,https://inaturalist-open-data.s3.amazonaws.com/photos/614922348/original.jpg,https://inaturalist-open-data.s3.amazonaws.com/photos/614922356/original.jpg"
Pine,"https://inaturalist-open-data.s3.amazonaws.com/photos/619918026/original.jpg,https://inaturalist-open-data.s3.amazonaws.com/photos/619919163/original.jpg,https://inaturalist-open-data.s3.amazonaws.com/photos/619916371/original.jpg,https://inaturalist-open-data.s3.amazonaws.com/photos/619918468/original.jpg,https://inaturalist-open-data.s3.amazonaws.com/photos/619918652/original.jpg"
Lily of the Valley,"https://inaturalist-open-data.s3.amazonaws.com/photos/619908453/original.jpg,https://inaturalist-open-data.s3.amazonaws.com/photos/619908550/original.jpg,https://inaturalist-open-data.s3.amazonaws.com/photos/619901944/original.jpg,https://inaturalist-open-data.s3.amazonaws.com/photos/619901977/original.jpg,https://inaturalist-open-data.s3.amazonaws.com/photos/619902029/original.jpg,https://inaturalist-open-data.s3.amazonaws.com/photos/619894536/original.jpg,https://inaturalist-open-data.s3.amazonaws.com/photos/619894471/original.jpg,https://inaturalist-open-data.s3.amazonaws.com/photos/619894443/original.jpg,https://inaturalist-open-data.s3.amazonaws.com/photos/619894418/original.jpg,https://inaturalist-open-data.s3.amazonaws.com/photos/619894394/original.jpg,https://inaturalist-open-data.s3.amazonaws.com/photos/619894505/original.jpg,https://inaturalist-open-data.s3.amazonaws.com/photos/619894583/original.jpg,https://inaturalist-open-data.s3.amazonaws.com/photos/619881072/original.jpg,https://inaturalist-open-data.s3.amazonaws.com/photos/619863623/original.jpg,https://inaturalist-open-data.s3.amazonaws.com/photos/619863638/original.jpg,https://inaturalist-open-data.s3.amazonaws.com/photos/619863659/original.jpg"
Hops,"https://inaturalist-open-data.s3.amazonaws.com/photos/619918045/original.jpg,https://inaturalist-open-data.s3.amazonaws.com/photos/619918078/original.jpg,https://inaturalist-open-data.s3.amazonaws.com/photos/619918122/original.jpg,https://inaturalist-open-data.s3.amazonaws.com/photos/619917955/original.jpg,https://inaturalist-open-data.s3.amazonaws.com/photos/619917989/original.jpg,https://inaturalist-open-data.s3.amazonaws.com/photos/619917089/original.jpg,https://inaturalist-open-data.s3.amazonaws.com/photos/619917143/original.jpg,https://inaturalist-open-data.s3.amazonaws.com/photos/619917162/original.jpg,https://inaturalist-open-data.s3.amazonaws.com/photos/619917180/original.jpg,https://inaturalist-open-data.s3.amazonaws.com/photos/619917201/original.jpg,https://inaturalist-open-data.s3.amazonaws.com/photos/619917234/original.jpg,https://inaturalist-open-data.s3.amazonaws.com/photos/619917285/original.jpg,https://inaturalist-open-data.s3.amazonaws.com/photos/619917314/original.jpg,https://inaturalist-open-data.s3.amazonaws.com/photos/619917346/original.jpg,https://inaturalist-open-data.s3.amazonaws.com/photos/619917384/original.jpg,https://inaturalist-open-data.s3.amazonaws.com/photos/619917402/original.jpg,https://inaturalist-open-data.s3.amazonaws.com/photos/619917420/original.jpg,https://inaturalist-open-data.s3.amazonaws.com/photos/619917435/original.jpg,https://static.inaturalist.org/photos/619916349/original.jpg,https://inaturalist-open-data.s3.amazonaws.com/photos/619914286/original.jpg,https://inaturalist-open-data.s3.amazonaws.com/photos/619914343/original.jpg,https://inaturalist-open-data.s3.amazonaws.com/photos/619914388/original.jpg,https://inaturalist-open-data.s3.amazonaws.com/photos/619914426/original.jpg,https://inaturalist-open-data.s3.amazonaws.com/photos/619914464/original.jpg,https://inaturalist-open-data.s3.amazonaws.com/photos/619914498/original.jpg,https://inaturalist-open-data.s3.amazonaws.com/photos/619914772/original.jpg,https://inaturalist-open-data.s3.amazonaws.com/photos/619914520/original.jpg,https://inaturalist-open-data.s3.amazonaws.com/photos/619914545/original.jpg,https://inaturalist-open-data.s3.amazonaws.com/photos/619914571/original.jpg,https://inaturalist-open-data.s3.amazonaws.com/photos/619914590/original.jpg,https://inaturalist-open-data.s3.amazonaws.com/photos/619914605/original.jpg,https://inaturalist-open-data.s3.amazonaws.com/photos/619914634/original.jpg,https://inaturalist-open-data.s3.amazonaws.com/photos/619914653/original.jpg,https://inaturalist-open-data.s3.amazonaws.com/photos/619914676/original.jpg,https://inaturalist-open-data.s3.amazonaws.com/photos/619914706/original.jpg,https://inaturalist-open-data.s3.amazonaws.com/photos/619914735/original.jpg,https://inaturalist-open-data.s3.amazonaws.com/photos/619914757/original.jpg,https://inaturalist-open-data.s3.amazonaws.com/photos/619914795/original.jpg,https://inaturalist-open-data.s3.amazonaws.com/photos/619914809/original.jpg,https://inaturalist-open-data.s3.amazonaws.com/photos/619914833/original.jpg,https://inaturalist-open-data.s3.amazonaws.com/photos/619914859/original.jpg,https://inaturalist-open-data.s3.amazonaws.com/photos/619914882/original.jpg,https://inaturalist-open-data.s3.amazonaws.com/photos/619914904/original.jpg"
Cabbage,"https://inaturalist-open-data.s3.amazonaws.com/photos/619916639/original.jpg,https://inaturalist-open-data.s3.amazonaws.com/photos/619919263/original.jpg,https://inaturalist-open-data.s3.amazonaws.com/photos/619917802/original.jpg,https://inaturalist-open-data.s3.amazonaws.com/photos/619917944/original.jpg,https://static.inaturalist.org/photos/619917573/original.jpg,https://static.inaturalist.org/photos/619917680/original.jpg"
Tomato,"https://static.inaturalist.org/photos/619906188/original.jpg,https://static.inaturalist.org/photos/619906174/original.jpg,https://inaturalist-open-data.s3.amazonaws.com/photos/619917139/original.jpg,https://inaturalist-open-data.s3.amazonaws.com/photos/619914534/original.jpg,https://inaturalist-open-data.s3.amazonaws.com/photos/619895447/original.jpg,https://inaturalist-open-data.s3.amazonaws.com/photos/619895478/original.jpg"
Wisteria,"https://inaturalist-open-data.s3.amazonaws.com/photos/619883682/original.jpg,https://static.inaturalist.org/photos/619842394/original.jpg,https://inaturalist-open-data.s3.amazonaws.com/photos/619754605/original.jpg,https://inaturalist-open-data.s3.amazonaws.com/photos/619755032/original.jpg,https://inaturalist-open-data.s3.amazonaws.com/photos/619755049/original.jpg,https://inaturalist-open-data.s3.amazonaws.com/photos/619755071/original.jpg,https://inaturalist-open-data.s3.amazonaws.com/photos/619638075/original.jpg,https://inaturalist-open-data.s3.amazonaws.com/photos/619638367/original.jpg,https://inaturalist-open-data.s3.amazonaws.com/photos/619533665/original.jpg,https://inaturalist-open-data.s3.amazonaws.com/photos/619533739/original.jpg,https://inaturalist-open-data.s3.amazonaws.com/photos/619533801/original.jpg"
Strawberry,"https://static.inaturalist.org/photos/619905829/original.jpg,https://static.inaturalist.org/photos/619905143/original.jpg,https://static.inaturalist.org/photos/619915840/original.jpg,https://static.inaturalist.org/photos/619915871/original.jpg,https://inaturalist-open-data.s3.amazonaws.com/photos/619915390/original.jpg,https://static.inaturalist.org/photos/619914685/original.jpg"
Borage,"https://inaturalist-open-data.s3.amazonaws.com/photos/619894590/original.jpg,https://static.inaturalist.org/photos/619889288/original.jpg,https://inaturalist-open-data.s3.amazonaws.com/photos/619886324/original.jpg,https://inaturalist-open-data.s3.amazonaws.com/photos/619886355/original.jpg,https://inaturalist-open-data.s3.amazonaws.com/photos/619886392/original.jpg,https://inaturalist-open-data.s3.amazonaws.com/photos/619886426/original.jpg,https://inaturalist-open-data.s3.amazonaws.com/photos/619884881/original.jpg,https://inaturalist-open-data.s3.amazonaws.com/photos/619884925/original.jpg,https://inaturalist-open-data.s3.amazonaws.com/photos/619882427/original.jpg"
Raspberry,"https://inaturalist-open-data.s3.amazonaws.com/photos/619920610/original.jpg,https://inaturalist-open-data.s3.amazonaws.com/photos/619920448/original.jpg,https://inaturalist-open-data.s3.amazonaws.com/photos/619906522/original.jpg,https://inaturalist-open-data.s3.amazonaws.com/photos/619906557/original.jpg,https://inaturalist-open-data.s3.amazonaws.com/photos/619906589/original.jpg,https://static.inaturalist.org/photos/619898823/original.jpg,https://inaturalist-open-data.s3.amazonaws.com/photos/619898148/original.jpg"
Cornflower,"https://inaturalist-open-data.s3.amazonaws.com/photos/619905766/original.jpg,https://inaturalist-open-data.s3.amazonaws.com/photos/619905768/original.jpg,https://inaturalist-open-data.s3.amazonaws.com/photos/619903344/original.jpg,https://inaturalist-open-data.s3.amazonaws.com/photos/619820986/original.jpg,https://inaturalist-open-data.s3.amazonaws.com/photos/619820073/original.jpg,https://inaturalist-open-data.s3.amazonaws.com/photos/619819289/original.jpg"
Pineapple,"https://inaturalist-open-data.s3.amazonaws.com/photos/619904437/original.jpg,https://inaturalist-open-data.s3.amazonaws.com/photos/619904431/original.jpg,https://inaturalist-open-data.s3.amazonaws.com/photos/619904444/original.jpg,https://inaturalist-open-data.s3.amazonaws.com/photos/619903780/original.jpg,https://inaturalist-open-data.s3.amazonaws.com/photos/619903783/original.jpg,https://inaturalist-open-data.s3.amazonaws.com/photos/619907802/original.jpg,https://inaturalist-open-data.s3.amazonaws.com/photos/619902576/original.jpg,https://inaturalist-open-data.s3.amazonaws.com/photos/619902602/original.jpg,https://inaturalist-open-data.s3.amazonaws.com/photos/619902629/original.jpg,https://inaturalist-open-data.s3.amazonaws.com/photos/619898444/original.jpg,https://inaturalist-open-data.s3.amazonaws.com/photos/619898439/original.jpg"
Lavender (French),"https://inaturalist-open-data.s3.amazonaws.com/photos/619916073/original.jpg,https://static.inaturalist.org/photos/619902466/original.jpg,https://inaturalist-open-data.s3.amazonaws.com/photos/619866830/original.jpg,https://inaturalist-open-data.s3.amazonaws.com/photos/619858075/original.jpg,https://inaturalist-open-data.s3.amazonaws.com/photos/619858131/original.jpg,https://inaturalist-open-data.s3.amazonaws.com/photos/619796870/original.jpg"
Acorn Squash,"https://inaturalist-open-data.s3.amazonaws.com/photos/618676986/original.jpg,https://inaturalist-open-data.s3.amazonaws.com/photos/613253199/original.jpg,https://inaturalist-open-data.s3.amazonaws.com/photos/608952154/original.jpg,https://inaturalist-open-data.s3.amazonaws.com/photos/608797613/original.jpg,https://inaturalist-open-data.s3.amazonaws.com/photos/608797672/original.jpg,https://static.inaturalist.org/photos/605996188/original.jpg,https://static.inaturalist.org/photos/605996201/original.jpg"
Apple Tree,"https://inaturalist-open-data.s3.amazonaws.com/photos/619899066/original.jpg,https://inaturalist-open-data.s3.amazonaws.com/photos/619891267/original.jpg,https://inaturalist-open-data.s3.amazonaws.com/photos/619867320/original.jpg,https://inaturalist-open-data.s3.amazonaws.com/photos/619836092/original.jpg,https://inaturalist-open-data.s3.amazonaws.com/photos/619777661/original.jpg"
Bamboo Orchid,"https://inaturalist-open-data.s3.amazonaws.com/photos/619912819/original.jpg,https://inaturalist-open-data.s3.amazonaws.com/photos/619792720/original.jpg,https://inaturalist-open-data.s3.amazonaws.com/photos/619698775/original.jpg,https://static.inaturalist.org/photos/619681276/original.jpg,https://inaturalist-open-data.s3.amazonaws.com/photos/619681446/original.jpg,https://inaturalist-open-data.s3.amazonaws.com/photos/619681450/original.jpg,https://inaturalist-open-data.s3.amazonaws.com/photos/619681451/original.jpg,https://inaturalist-open-data.s3.amazonaws.com/photos/619681449/original.jpg,https://inaturalist-open-data.s3.amazonaws.com/photos/619681456/original.jpg,https://inaturalist-open-data.s3.amazonaws.com/photos/619681455/original.jpg"
Balsam,"https://inaturalist-open-data.s3.amazonaws.com/photos/619920195/original.jpg,https://inaturalist-open-data.s3.amazonaws.com/photos/619920253/original.jpg,https://inaturalist-open-data.s3.amazonaws.com/photos/619920332/original.jpg,https://inaturalist-open-data.s3.amazonaws.com/photos/619916446/original.jpg,https://inaturalist-open-data.s3.amazonaws.com/photos/619913721/original.jpg,https://inaturalist-open-data.s3.amazonaws.com/photos/619913827/original.jpg,https://static.inaturalist.org/photos/619912353/original.jpg,https://static.inaturalist.org/photos/619912305/original.jpg,https://static.inaturalist.org/photos/619912328/original.jpg,https://static.inaturalist.org/photos/619912362/original.jpg"
Banana Plant,"https://i0.wp.com/sugarcreekgardens.com/wp-content/uploads/2024/10/Musa-sikkimensis-Ever-Red-Hardy-Banana-Tree-6.jpg?fit=1000%2C1000&ssl=1,https://cdn.mos.cms.futurecdn.net/KVyYN5nbX9nUuLT9FGve48.jpg,https://i0.wp.com/tacogirl.com/wp-content/uploads/2013/03/Banana-Tree-from-Twisted-Sifter-who-got-it-from-freefly-flunky-on-Flickr.jpg?ssl=1"
Beetroot,"https://inaturalist-open-data.s3.amazonaws.com/photos/619899251/original.jpg,https://inaturalist-open-data.s3.amazonaws.com/photos/619899348/original.jpg,https://inaturalist-open-data.s3.amazonaws.com/photos/619894413/original.jpg,https://inaturalist-open-data.s3.amazonaws.com/photos/619850102/original.jpg,https://static.inaturalist.org/photos/619840475/original.jpg,https://static.inaturalist.org/photos/619770081/original.jpg"
Blackcurrant,"https://static.inaturalist.org/photos/619918621/original.jpg,https://inaturalist-open-data.s3.amazonaws.com/photos/619761684/original.jpg,https://inaturalist-open-data.s3.amazonaws.com/photos/619653265/original.jpg,https://inaturalist-open-data.s3.amazonaws.com/photos/619653284/original.jpg,https://inaturalist-open-data.s3.amazonaws.com/photos/619653302/original.jpg,https://inaturalist-open-data.s3.amazonaws.com/photos/619618354/original.jpg,https://inaturalist-open-data.s3.amazonaws.com/photos/619308787/original.jpg,https://inaturalist-open-data.s3.amazonaws.com/photos/619308808/original.jpg"
Bok Choy,"https://inaturalist-open-data.s3.amazonaws.com/photos/619879781/original.jpg,https://inaturalist-open-data.s3.amazonaws.com/photos/619845346/original.jpg,https://inaturalist-open-data.s3.amazonaws.com/photos/619845335/original.jpg,https://inaturalist-open-data.s3.amazonaws.com/photos/619845345/original.jpg,https://inaturalist-open-data.s3.amazonaws.com/photos/619845347/original.jpg,https://inaturalist-open-data.s3.amazonaws.com/photos/619845332/original.jpg,https://inaturalist-open-data.s3.amazonaws.com/photos/619845340/original.jpg,https://inaturalist-open-data.s3.amazonaws.com/photos/619768635/original.jpg,https://inaturalist-open-data.s3.amazonaws.com/photos/619768631/original.jpg,https://inaturalist-open-data.s3.amazonaws.com/photos/619738804/original.jpg,https://inaturalist-open-data.s3.amazonaws.com/photos/619732763/original.jpg,https://inaturalist-open-data.s3.amazonaws.com/photos/619732780/original.jpg"
Brassica,"https://inaturalist-open-data.s3.amazonaws.com/photos/619916639/original.jpg,https://inaturalist-open-data.s3.amazonaws.com/photos/619917006/original.jpg,https://inaturalist-open-data.s3.amazonaws.com/photos/619917038/original.jpg,https://inaturalist-open-data.s3.amazonaws.com/photos/619917076/original.jpg,https://inaturalist-open-data.s3.amazonaws.com/photos/619910818/original.jpg,https://inaturalist-open-data.s3.amazonaws.com/photos/619910814/original.jpg,https://inaturalist-open-data.s3.amazonaws.com/photos/619910805/original.jpg,https://inaturalist-open-data.s3.amazonaws.com/photos/619910807/original.jpg,https://inaturalist-open-data.s3.amazonaws.com/photos/619910820/original.jpg,https://inaturalist-open-data.s3.amazonaws.com/photos/619910804/original.jpg,https://inaturalist-open-data.s3.amazonaws.com/photos/619910851/original.jpg,https://inaturalist-open-data.s3.amazonaws.com/photos/619908920/original.jpg,https://inaturalist-open-data.s3.amazonaws.com/photos/619904430/original.jpg"
Butternut Squash,"https://inaturalist-open-data.s3.amazonaws.com/photos/619840705/original.jpg,https://inaturalist-open-data.s3.amazonaws.com/photos/619257436/original.jpg,https://inaturalist-open-data.s3.amazonaws.com/photos/619257470/original.jpg,https://inaturalist-open-data.s3.amazonaws.com/photos/619257497/original.jpg,https://inaturalist-open-data.s3.amazonaws.com/photos/619065850/original.jpg,https://inaturalist-open-data.s3.amazonaws.com/photos/618907241/original.jpg,https://static.inaturalist.org/photos/618806853/original.jpg"
Carrot,"https://inaturalist-open-data.s3.amazonaws.com/photos/619915407/original.jpg,https://inaturalist-open-data.s3.amazonaws.com/photos/619915442/original.jpg,https://inaturalist-open-data.s3.amazonaws.com/photos/619913409/original.jpg,https://static.inaturalist.org/photos/619902774/original.jpg,https://inaturalist-open-data.s3.amazonaws.com/photos/619907217/original.jpg,https://inaturalist-open-data.s3.amazonaws.com/photos/619905872/original.jpg,https://inaturalist-open-data.s3.amazonaws.com/photos/619905890/original.jpg"
Chayote,"https://inaturalist-open-data.s3.amazonaws.com/photos/619868828/original.jpg,https://inaturalist-open-data.s3.amazonaws.com/photos/619869251/original.jpg,https://inaturalist-open-data.s3.amazonaws.com/photos/619848129/original.jpg,https://inaturalist-open-data.s3.amazonaws.com/photos/619848044/original.jpg,https://inaturalist-open-data.s3.amazonaws.com/photos/619848035/original.jpg,https://inaturalist-open-data.s3.amazonaws.com/photos/619848057/original.jpg,https://inaturalist-open-data.s3.amazonaws.com/photos/619848085/original.jpg,https://inaturalist-open-data.s3.amazonaws.com/photos/619851393/original.jpg,https://inaturalist-open-data.s3.amazonaws.com/photos/619851403/original.jpg,https://inaturalist-open-data.s3.amazonaws.com/photos/619792120/original.jpg"
Chestnut,"https://inaturalist-open-data.s3.amazonaws.com/photos/619920798/original.jpg,https://inaturalist-open-data.s3.amazonaws.com/photos/619918797/original.jpg,https://inaturalist-open-data.s3.amazonaws.com/photos/619918755/original.jpg,https://static.inaturalist.org/photos/619918373/original.jpg,https://inaturalist-open-data.s3.amazonaws.com/photos/619917447/original.jpg"
Clementine,"https://inaturalist-open-data.s3.amazonaws.com/photos/618201893/original.jpg,https://inaturalist-open-data.s3.amazonaws.com/photos/617870791/original.jpg,https://inaturalist-open-data.s3.amazonaws.com/photos/609447092/original.jpg,https://static.inaturalist.org/photos/609311126/original.jpg,https://inaturalist-open-data.s3.amazonaws.com/photos/605707914/original.jpg"
Clove,"https://inaturalist-open-data.s3.amazonaws.com/photos/619878098/original.jpg,https://static.inaturalist.org/photos/619632000/original.jpg,https://inaturalist-open-data.s3.amazonaws.com/photos/619393660/original.jpg,https://inaturalist-open-data.s3.amazonaws.com/photos/619393663/original.jpg,https://inaturalist-open-data.s3.amazonaws.com/photos/619236630/original.jpg,https://inaturalist-open-data.s3.amazonaws.com/photos/619236633/original.jpg,https://inaturalist-open-data.s3.amazonaws.com/photos/619082392/original.jpg"
Cocoa Tree,"https://inaturalist-open-data.s3.amazonaws.com/photos/619809505/original.jpg,https://inaturalist-open-data.s3.amazonaws.com/photos/619699774/original.jpg,https://inaturalist-open-data.s3.amazonaws.com/photos/619696783/original.jpg,https://inaturalist-open-data.s3.amazonaws.com/photos/619696805/original.jpg,https://inaturalist-open-data.s3.amazonaws.com/photos/619674545/original.jpg,https://inaturalist-open-data.s3.amazonaws.com/photos/619674555/original.jpg,https://inaturalist-open-data.s3.amazonaws.com/photos/619674553/original.jpg,https://inaturalist-open-data.s3.amazonaws.com/photos/619626656/original.jpg"
Corn,"https://inaturalist-open-data.s3.amazonaws.com/photos/619918709/original.jpg,https://inaturalist-open-data.s3.amazonaws.com/photos/619918759/original.jpg,https://inaturalist-open-data.s3.amazonaws.com/photos/619918787/original.jpg,https://inaturalist-open-data.s3.amazonaws.com/photos/619918821/original.jpg,https://static.inaturalist.org/photos/619915976/original.jpg,https://inaturalist-open-data.s3.amazonaws.com/photos/619914054/original.jpg,https://inaturalist-open-data.s3.amazonaws.com/photos/619912372/original.jpg,https://inaturalist-open-data.s3.amazonaws.com/photos/619910929/original.jpg,https://inaturalist-open-data.s3.amazonaws.com/photos/619910959/original.jpg,https://inaturalist-open-data.s3.amazonaws.com/photos/619910989/original.jpg,https://inaturalist-open-data.s3.amazonaws.com/photos/619911013/original.jpg"
Cucumber,"https://inaturalist-open-data.s3.amazonaws.com/photos/619920785/original.jpg,https://inaturalist-open-data.s3.amazonaws.com/photos/619920784/original.jpg,https://inaturalist-open-data.s3.amazonaws.com/photos/619916591/original.jpg,https://inaturalist-open-data.s3.amazonaws.com/photos/619916721/original.jpg,https://static.inaturalist.org/photos/619916055/original.jpg,https://static.inaturalist.org/photos/619916065/original.jpg,https://static.inaturalist.org/photos/619916066/original.jpg,https://inaturalist-open-data.s3.amazonaws.com/photos/619913721/original.jpg,https://inaturalist-open-data.s3.amazonaws.com/photos/619913827/original.jpg,https://inaturalist-open-data.s3.amazonaws.com/photos/619911925/original.jpg"
Currant,"https://inaturalist-open-data.s3.amazonaws.com/photos/619918450/original.jpg,https://inaturalist-open-data.s3.amazonaws.com/photos/619917017/original.jpg,https://inaturalist-open-data.s3.amazonaws.com/photos/619917029/original.jpg,https://inaturalist-open-data.s3.amazonaws.com/photos/619917047/original.jpg,https://inaturalist-open-data.s3.amazonaws.com/photos/619908892/original.jpg,https://inaturalist-open-data.s3.amazonaws.com/photos/619909909/original.jpg,https://inaturalist-open-data.s3.amazonaws.com/photos/619909977/original.jpg,https://inaturalist-open-data.s3.amazonaws.com/photos/619900821/original.jpg,https://inaturalist-open-data.s3.amazonaws.com/photos/619900827/original.jpg,https://inaturalist-open-data.s3.amazonaws.com/photos/619902220/original.jpg"
Date Palm,"https://inaturalist-open-data.s3.amazonaws.com/photos/619907802/original.jpg,https://inaturalist-open-data.s3.amazonaws.com/photos/619889509/original.jpg,https://inaturalist-open-data.s3.amazonaws.com/photos/619888901/original.jpg,https://inaturalist-open-data.s3.amazonaws.com/photos/619889067/original.jpg,https://inaturalist-open-data.s3.amazonaws.com/photos/619889109/original.jpg,https://inaturalist-open-data.s3.amazonaws.com/photos/619889585/original.jpg,https://inaturalist-open-data.s3.amazonaws.com/photos/619889619/original.jpg,https://inaturalist-open-data.s3.amazonaws.com/photos/619878361/original.jpg,https://static.inaturalist.org/photos/619884913/original.jpg"
Dragon Fruit,"https://inaturalist-open-data.s3.amazonaws.com/photos/619889523/original.jpg,https://inaturalist-open-data.s3.amazonaws.com/photos/619878345/original.jpg,https://inaturalist-open-data.s3.amazonaws.com/photos/619878371/original.jpg,https://inaturalist-open-data.s3.amazonaws.com/photos/619878407/original.jpg,https://inaturalist-open-data.s3.amazonaws.com/photos/619878447/original.jpg,https://inaturalist-open-data.s3.amazonaws.com/photos/619878489/original.jpg,https://inaturalist-open-data.s3.amazonaws.com/photos/619878517/original.jpg,https://inaturalist-open-data.s3.amazonaws.com/photos/619879068/original.jpg,https://static.inaturalist.org/photos/619874722/original.jpg,https://inaturalist-open-data.s3.amazonaws.com/photos/619856552/original.jpg,https://inaturalist-open-data.s3.amazonaws.com/photos/619856550/original.jpg,https://inaturalist-open-data.s3.amazonaws.com/photos/619856567/original.jpg,https://inaturalist-open-data.s3.amazonaws.com/photos/619816534/original.jpg"
Eggplant,"https://inaturalist-open-data.s3.amazonaws.com/photos/619879118/original.jpg,https://inaturalist-open-data.s3.amazonaws.com/photos/619850248/original.jpg,https://inaturalist-open-data.s3.amazonaws.com/photos/619811641/original.jpg,https://inaturalist-open-data.s3.amazonaws.com/photos/619811730/original.jpg,https://inaturalist-open-data.s3.amazonaws.com/photos/619811759/original.jpg,https://inaturalist-open-data.s3.amazonaws.com/photos/619807857/original.jpg,https://inaturalist-open-data.s3.amazonaws.com/photos/619796919/original.jpg,https://inaturalist-open-data.s3.amazonaws.com/photos/619796951/original.jpg"
Elderberry,"https://inaturalist-open-data.s3.amazonaws.com/photos/619884034/original.jpg,https://inaturalist-open-data.s3.amazonaws.com/photos/619884116/original.jpg,https://inaturalist-open-data.s3.amazonaws.com/photos/619884109/original.jpg,https://inaturalist-open-data.s3.amazonaws.com/photos/619910565/original.jpg,https://inaturalist-open-data.s3.amazonaws.com/photos/619907446/original.jpg,https://inaturalist-open-data.s3.amazonaws.com/photos/619907601/original.jpg,https://inaturalist-open-data.s3.amazonaws.com/photos/619907625/original.jpg,https://inaturalist-open-data.s3.amazonaws.com/photos/619907727/original.jpg,https://inaturalist-open-data.s3.amazonaws.com/photos/619891720/original.jpg,https://inaturalist-open-data.s3.amazonaws.com/photos/619892197/original.jpg,https://inaturalist-open-data.s3.amazonaws.com/photos/619892225/original.jpg"
Fig Tree,"https://static.inaturalist.org/photos/619905118/original.jpg,https://inaturalist-open-data.s3.amazonaws.com/photos/619894691/original.jpg,https://inaturalist-open-data.s3.amazonaws.com/photos/619888208/original.jpg,https://static.inaturalist.org/photos/619881999/original.jpg,https://inaturalist-open-data.s3.amazonaws.com/photos/619855161/original.jpg,https://inaturalist-open-data.s3.amazonaws.com/photos/619855192/original.jpg"
Green Bean,"https://inaturalist-open-data.s3.amazonaws.com/photos/619893496/original.jpg,https://inaturalist-open-data.s3.amazonaws.com/photos/619760030/original.jpg,https://inaturalist-open-data.s3.amazonaws.com/photos/619203192/original.jpg,https://inaturalist-open-data.s3.amazonaws.com/photos/618991681/original.jpg,https://inaturalist-open-data.s3.amazonaws.com/photos/618880954/original.jpg"
Jackfruit,"https://inaturalist-open-data.s3.amazonaws.com/photos/619838997/original.jpg,https://static.inaturalist.org/photos/619857280/original.jpg,https://static.inaturalist.org/photos/619859131/original.jpg,https://inaturalist-open-data.s3.amazonaws.com/photos/619794980/original.jpg,https://inaturalist-open-data.s3.amazonaws.com/photos/619743126/original.jpg,https://inaturalist-open-data.s3.amazonaws.com/photos/619743139/original.jpg,https://inaturalist-open-data.s3.amazonaws.com/photos/619555245/original.jpg"
Jasmine (Indoor),"https://www.whiteflowerfarm.com/mas_assets/cache/image/5/8/e/f/22767.Jpg,https://www.marthastewart.com/thmb/0ageNdHN-RL0Gv5Oll5t8Jx63ig=/1500x0/filters:no_upscale():max_bytes(150000):strip_icc()/jasmine-plant-windowsill-getty-1220-2000-6508d5102dd846b48c35eaf713888064.jpg,https://www.whiteflowerfarm.com/mas_assets/cache/image/9/c/9/8/40088.Jpg"
Jatropha,"https://inaturalist-open-data.s3.amazonaws.com/photos/619913958/original.jpg,https://inaturalist-open-data.s3.amazonaws.com/photos/619912798/original.jpg,https://inaturalist-open-data.s3.amazonaws.com/photos/619887885/original.jpg,https://inaturalist-open-data.s3.amazonaws.com/photos/619879226/original.jpg,https://inaturalist-open-data.s3.amazonaws.com/photos/619878197/original.jpg"
Kiwi,"https://inaturalist-open-data.s3.amazonaws.com/photos/619897370/original.jpg,https://inaturalist-open-data.s3.amazonaws.com/photos/619836742/original.jpg,https://static.inaturalist.org/photos/619808809/original.jpg,https://static.inaturalist.org/photos/619808811/original.jpg,https://static.inaturalist.org/photos/619808813/original.jpg"
Lady's Mantle,"https://static.inaturalist.org/photos/619880161/original.jpg,https://inaturalist-open-data.s3.amazonaws.com/photos/619843404/original.jpg,https://static.inaturalist.org/photos/619835009/original.jpg,https://inaturalist-open-data.s3.amazonaws.com/photos/619811829/original.jpg,https://inaturalist-open-data.s3.amazonaws.com/photos/619814083/original.jpg,https://inaturalist-open-data.s3.amazonaws.com/photos/619717999/original.jpg"
Lemon Tree,"https://inaturalist-open-data.s3.amazonaws.com/photos/619474883/original.jpg,https://inaturalist-open-data.s3.amazonaws.com/photos/619474879/original.jpg,https://inaturalist-open-data.s3.amazonaws.com/photos/619474863/original.jpg,https://inaturalist-open-data.s3.amazonaws.com/photos/619158501/original.jpg,https://inaturalist-open-data.s3.amazonaws.com/photos/619158372/original.jpg,https://inaturalist-open-data.s3.amazonaws.com/photos/619158469/original.jpg,https://inaturalist-open-data.s3.amazonaws.com/photos/619158496/original.jpg,https://inaturalist-open-data.s3.amazonaws.com/photos/619152594/original.jpg,https://inaturalist-open-data.s3.amazonaws.com/photos/619152638/original.jpg,https://static.inaturalist.org/photos/619148781/original.jpg,https://inaturalist-open-data.s3.amazonaws.com/photos/619118341/original.jpg,https://inaturalist-open-data.s3.amazonaws.com/photos/619118501/original.jpg"
Litchi,"https://static.inaturalist.org/photos/619900858/original.jpg,https://static.inaturalist.org/photos/619900918/original.jpg,https://static.inaturalist.org/photos/619901007/original.jpg,https://static.inaturalist.org/photos/619901137/original.jpg,https://static.inaturalist.org/photos/619901231/original.jpg,https://static.inaturalist.org/photos/619901328/original.jpg,https://static.inaturalist.org/photos/619901417/original.jpg,https://inaturalist-open-data.s3.amazonaws.com/photos/619886207/original.jpg,https://inaturalist-open-data.s3.amazonaws.com/photos/619886242/original.jpg,https://inaturalist-open-data.s3.amazonaws.com/photos/619857097/original.jpg,https://inaturalist-open-data.s3.amazonaws.com/photos/619856867/original.jpg,https://inaturalist-open-data.s3.amazonaws.com/photos/619856872/original.jpg,https://inaturalist-open-data.s3.amazonaws.com/photos/619856898/original.jpg,https://inaturalist-open-data.s3.amazonaws.com/photos/619857507/original.jpg,https://inaturalist-open-data.s3.amazonaws.com/photos/619838329/original.jpg,https://inaturalist-open-data.s3.amazonaws.com/photos/619832108/original.jpg,https://inaturalist-open-data.s3.amazonaws.com/photos/619832122/original.jpg"
Lychee,"https://inaturalist-open-data.s3.amazonaws.com/photos/619845227/original.jpg,https://inaturalist-open-data.s3.amazonaws.com/photos/619845228/original.jpg,https://inaturalist-open-data.s3.amazonaws.com/photos/619845211/original.jpg,https://inaturalist-open-data.s3.amazonaws.com/photos/619833389/original.jpg,https://inaturalist-open-data.s3.amazonaws.com/photos/619833396/original.jpg,https://static.inaturalist.org/photos/619836805/original.jpg,https://static.inaturalist.org/photos/619837115/original.jpg,https://inaturalist-open-data.s3.amazonaws.com/photos/619806468/original.jpg,https://static.inaturalist.org/photos/619858715/original.jpg,https://static.inaturalist.org/photos/619858753/original.jpg"
Mallow,"https://inaturalist-open-data.s3.amazonaws.com/photos/619919688/original.jpg,https://inaturalist-open-data.s3.amazonaws.com/photos/619919063/original.jpg,https://inaturalist-open-data.s3.amazonaws.com/photos/619918771/original.jpg,https://inaturalist-open-data.s3.amazonaws.com/photos/619918760/original.jpg,https://inaturalist-open-data.s3.amazonaws.com/photos/619918786/original.jpg,https://inaturalist-open-data.s3.amazonaws.com/photos/619918810/original.jpg,https://inaturalist-open-data.s3.amazonaws.com/photos/619918833/original.jpg,https://inaturalist-open-data.s3.amazonaws.com/photos/619918572/original.jpg,https://inaturalist-open-data.s3.amazonaws.com/photos/619918622/original.jpg,https://inaturalist-open-data.s3.amazonaws.com/photos/619918651/original.jpg,https://inaturalist-open-data.s3.amazonaws.com/photos/619918704/original.jpg"
Mango,"https://static.inaturalist.org/photos/619906867/original.jpg,https://inaturalist-open-data.s3.amazonaws.com/photos/619908116/original.jpg,https://inaturalist-open-data.s3.amazonaws.com/photos/619899454/original.jpg,https://inaturalist-open-data.s3.amazonaws.com/photos/619886795/original.jpg,https://inaturalist-open-data.s3.amazonaws.com/photos/619882536/original.jpg"
Moringa,"https://inaturalist-open-data.s3.amazonaws.com/photos/619872166/original.jpg,https://inaturalist-open-data.s3.amazonaws.com/photos/619870659/original.jpg,https://inaturalist-open-data.s3.amazonaws.com/photos/619776999/original.jpg,https://inaturalist-open-data.s3.amazonaws.com/photos/619726100/original.jpg,https://inaturalist-open-data.s3.amazonaws.com/photos/619648571/original.jpg"
Mulberry,"https://inaturalist-open-data.s3.amazonaws.com/photos/619904600/original.jpg,https://inaturalist-open-data.s3.amazonaws.com/photos/619904599/original.jpg,https://static.inaturalist.org/photos/619906952/original.jpg,https://static.inaturalist.org/photos/619905740/original.jpg,https://static.inaturalist.org/photos/619905676/original.jpg,https://static.inaturalist.org/photos/619905510/original.jpg"
Mustard,"https://inaturalist-open-data.s3.amazonaws.com/photos/619915366/original.jpg,https://inaturalist-open-data.s3.amazonaws.com/photos/619916954/original.jpg,https://inaturalist-open-data.s3.amazonaws.com/photos/619916409/original.jpg,https://inaturalist-open-data.s3.amazonaws.com/photos/619916472/original.jpg,https://static.inaturalist.org/photos/619916349/original.jpg,https://static.inaturalist.org/photos/619914851/original.jpg,https://static.inaturalist.org/photos/619914877/original.jpg"
Nectarine,"https://static.inaturalist.org/photos/619919591/original.jpg,https://static.inaturalist.org/photos/619919617/original.jpg,https://static.inaturalist.org/photos/619919636/original.jpg,https://static.inaturalist.org/photos/619919663/original.jpg,https://static.inaturalist.org/photos/619919699/original.jpg,https://static.inaturalist.org/photos/619906129/original.jpg,https://static.inaturalist.org/photos/619905650/original.jpg,https://static.inaturalist.org/photos/619905529/original.jpg,https://static.inaturalist.org/photos/619905254/original.jpg"
Olive Tree,"https://inaturalist-open-data.s3.amazonaws.com/photos/619907634/original.jpg,https://inaturalist-open-data.s3.amazonaws.com/photos/619887070/original.jpg,https://inaturalist-open-data.s3.amazonaws.com/photos/619887149/original.jpg,https://inaturalist-open-data.s3.amazonaws.com/photos/619887395/original.jpg,https://inaturalist-open-data.s3.amazonaws.com/photos/619887419/original.jpg,https://inaturalist-open-data.s3.amazonaws.com/photos/619887455/original.jpg,https://inaturalist-open-data.s3.amazonaws.com/photos/619848747/original.jpg"
Acacia,"https://inaturalist-open-data.s3.amazonaws.com/photos/619922187/original.jpg,https://inaturalist-open-data.s3.amazonaws.com/photos/619922219/original.jpg,https://inaturalist-open-data.s3.amazonaws.com/photos/619921585/original.jpg,https://inaturalist-open-data.s3.amazonaws.com/photos/619921588/original.jpg,https://inaturalist-open-data.s3.amazonaws.com/photos/619921587/original.jpg,https://static.inaturalist.org/photos/619920711/original.jpg,https://inaturalist-open-data.s3.amazonaws.com/photos/619918782/original.jpg,https://inaturalist-open-data.s3.amazonaws.com/photos/619918770/original.jpg,https://inaturalist-open-data.s3.amazonaws.com/photos/619918203/original.jpg"
Acanthus,"https://inaturalist-open-data.s3.amazonaws.com/photos/619921819/original.jpg,https://static.inaturalist.org/photos/619921328/original.jpg,https://inaturalist-open-data.s3.amazonaws.com/photos/619915913/original.jpg,https://inaturalist-open-data.s3.amazonaws.com/photos/619908001/original.jpg,https://inaturalist-open-data.s3.amazonaws.com/photos/619896138/original.jpg,https://inaturalist-open-data.s3.amazonaws.com/photos/619896126/original.jpg"
Alstroemeria,"https://inaturalist-open-data.s3.amazonaws.com/photos/619890587/original.jpg,https://inaturalist-open-data.s3.amazonaws.com/photos/619890604/original.jpg,https://inaturalist-open-data.s3.amazonaws.com/photos/619850680/original.jpg,https://inaturalist-open-data.s3.amazonaws.com/photos/619778913/original.jpg,https://inaturalist-open-data.s3.amazonaws.com/photos/619768321/original.jpg,https://inaturalist-open-data.s3.amazonaws.com/photos/619739408/original.jpg,https://inaturalist-open-data.s3.amazonaws.com/photos/619739421/original.jpg,https://inaturalist-open-data.s3.amazonaws.com/photos/619739434/original.jpg"
Amaranth,"https://inaturalist-open-data.s3.amazonaws.com/photos/619918434/original.jpg,https://inaturalist-open-data.s3.amazonaws.com/photos/619917093/original.jpg,https://inaturalist-open-data.s3.amazonaws.com/photos/619917114/original.jpg,https://inaturalist-open-data.s3.amazonaws.com/photos/619917134/original.jpg,https://inaturalist-open-data.s3.amazonaws.com/photos/619914703/original.jpg,https://inaturalist-open-data.s3.amazonaws.com/photos/619914367/original.jpg,https://inaturalist-open-data.s3.amazonaws.com/photos/619911147/original.jpg,https://inaturalist-open-data.s3.amazonaws.com/photos/619911165/original.jpg,https://inaturalist-open-data.s3.amazonaws.com/photos/619911188/original.jpg,https://inaturalist-open-data.s3.amazonaws.com/photos/619911212/original.jpg"
Anigozanthos (Kangaroo Paw),"https://www.boethingtreeland.com/wp-content/uploads/2018/02/anigozanthos_bush_ranger_.jpg,https://www.gardenia.net/wp-content/uploads/2023/05/Anigozanthos-flavidus-Kangaroo-Paw.webp,https://gardeningwithangus.com.au/wp-content/uploads/2015/12/anigozanthos_kangaroo-paw_bush-ballad-1-1.jpg"
Anthurium,"https://inaturalist-open-data.s3.amazonaws.com/photos/619917030/original.jpg,https://static.inaturalist.org/photos/619909815/original.jpg,https://inaturalist-open-data.s3.amazonaws.com/photos/619900441/original.jpg,https://inaturalist-open-data.s3.amazonaws.com/photos/619892218/original.jpg,https://static.inaturalist.org/photos/619878678/original.jpg"
Aquilegia (Columbine),"https://www.gardenia.net/wp-content/uploads/2023/03/FF16MJ3DAAugduXoUWgYmGFkRnWqDNDJhfK0RSVZ-1-780x520.webp,https://www.thespruce.com/thmb/ZyzE9R3gwJvWu7r9VqrjQ3Ke3wo=/1500x0/filters:no_upscale():max_bytes(150000):strip_icc()/how-to-grow-and-care-for-columbines-1402831_02-5b8c08ca0a114dc6b92d99f89b01b0be.jpg,https://www.easytogrowbulbs.com/cdn/shop/files/ColumbineOrigamiMix.jpg?v=1709162751"
Arum Lily,"https://inaturalist-open-data.s3.amazonaws.com/photos/619912578/original.jpg,https://inaturalist-open-data.s3.amazonaws.com/photos/619916377/original.jpg,https://inaturalist-open-data.s3.amazonaws.com/photos/619901614/original.jpg,https://inaturalist-open-data.s3.amazonaws.com/photos/619898604/original.jpg,https://inaturalist-open-data.s3.amazonaws.com/photos/619898617/original.jpg,https://inaturalist-open-data.s3.amazonaws.com/photos/619898620/original.jpg,https://inaturalist-open-data.s3.amazonaws.com/photos/619891525/original.jpg"
Aztec Lily,"https://inaturalist-open-data.s3.amazonaws.com/photos/619857039/original.jpg,https://inaturalist-open-data.s3.amazonaws.com/photos/619838824/original.jpg,https://inaturalist-open-data.s3.amazonaws.com/photos/619838839/original.jpg,https://inaturalist-open-data.s3.amazonaws.com/photos/619757197/original.jpg,https://inaturalist-open-data.s3.amazonaws.com/photos/619635642/original.jpg,https://inaturalist-open-data.s3.amazonaws.com/photos/619635483/original.jpg,https://inaturalist-open-data.s3.amazonaws.com/photos/619635497/original.jpg"
Barberry,"https://inaturalist-open-data.s3.amazonaws.com/photos/619913677/original.jpg,https://inaturalist-open-data.s3.amazonaws.com/photos/619516471/original.jpg,https://inaturalist-open-data.s3.amazonaws.com/photos/619516278/original.jpg,https://inaturalist-open-data.s3.amazonaws.com/photos/619516588/original.jpg,https://inaturalist-open-data.s3.amazonaws.com/photos/619516178/original.jpg,https://inaturalist-open-data.s3.amazonaws.com/photos/619516261/original.jpg,https://inaturalist-open-data.s3.amazonaws.com/photos/619891066/original.jpg,https://inaturalist-open-data.s3.amazonaws.com/photos/619875564/original.jpg,https://inaturalist-open-data.s3.amazonaws.com/photos/619872093/original.jpg"
Brachychiton (Bottle Tree),"https://kensnursery.com/wp-content/uploads/BRA-RUP-s1-600x800.jpg,https://images.squarespace-cdn.com/content/v1/60da78a5eeee836cf74939ae/d787147f-e0f8-4401-bd2e-51ed086bbe69/IMG_8433.jpeg?format=1000w,https://floridaseeds.net/cdn/shop/files/693c3984ff3f2ee997f660c6.png?v=1765984898&width=1445"
Cananga (Ylang-Ylang),"https://cdn.britannica.com/51/61051-050-96EF3912/Ylang-ylang.jpg,https://upload.wikimedia.org/wikipedia/commons/thumb/5/5b/Cananga_odorata_01.JPG/1280px-Cananga_odorata_01.JPG,https://toptropicals.com/pics/garden/04/1000/0826.jpg"
Carrot Plant,"https://inaturalist-open-data.s3.amazonaws.com/photos/619742120/original.jpg,https://inaturalist-open-data.s3.amazonaws.com/photos/619742145/original.jpg,https://inaturalist-open-data.s3.amazonaws.com/photos/619742207/original.jpg,https://inaturalist-open-data.s3.amazonaws.com/photos/619677177/original.jpg,https://static.inaturalist.org/photos/619058306/original.jpg,https://inaturalist-open-data.s3.amazonaws.com/photos/615610693/original.jpg,https://inaturalist-open-data.s3.amazonaws.com/photos/603817269/original.jpg"
Cestrum,"https://inaturalist-open-data.s3.amazonaws.com/photos/619897861/original.jpg,https://inaturalist-open-data.s3.amazonaws.com/photos/619866490/original.jpg,https://inaturalist-open-data.s3.amazonaws.com/photos/619865720/original.jpg,https://inaturalist-open-data.s3.amazonaws.com/photos/619863591/original.jpg,https://inaturalist-open-data.s3.amazonaws.com/photos/619834324/original.jpg"
Cockscomb (Celosia),"https://www.harvesting-history.com/wp-content/uploads/2017/01/HH_Flow_Celosia_2.3.2020-600x406-1.jpg,https://images.squarespace-cdn.com/content/v1/5b7f8367f2e6b191fbb627a7/1588368329085-8T9109HVYGVQT5ZOAYIT/celosia+5.JPG,https://www.epicgardening.com/wp-content/uploads/2023/09/Multiple-Colorful-Variations-of-Cockscomb-Flowers.jpg"
Cress,"https://inaturalist-open-data.s3.amazonaws.com/photos/619921465/original.jpg,https://inaturalist-open-data.s3.amazonaws.com/photos/619921433/original.jpg,https://inaturalist-open-data.s3.amazonaws.com/photos/619921425/original.jpg,https://static.inaturalist.org/photos/619917884/original.jpg,https://inaturalist-open-data.s3.amazonaws.com/photos/619917112/original.jpg"
Cyclamen,"https://inaturalist-open-data.s3.amazonaws.com/photos/619919831/original.jpg,https://inaturalist-open-data.s3.amazonaws.com/photos/619913132/original.jpg,https://static.inaturalist.org/photos/619910309/original.jpg,https://inaturalist-open-data.s3.amazonaws.com/photos/619909775/original.jpg,https://static.inaturalist.org/photos/619909076/original.jpg"
Devils Ivy,"https://inaturalist-open-data.s3.amazonaws.com/photos/619884486/original.jpg,https://inaturalist-open-data.s3.amazonaws.com/photos/619863512/original.jpg,https://inaturalist-open-data.s3.amazonaws.com/photos/619853363/original.jpg,https://static.inaturalist.org/photos/619845348/original.jpg,https://inaturalist-open-data.s3.amazonaws.com/photos/619809604/original.jpg,https://inaturalist-open-data.s3.amazonaws.com/photos/619809687/original.jpg"
Ficus Microcarpa,"https://inaturalist-open-data.s3.amazonaws.com/photos/619918326/original.jpg,https://inaturalist-open-data.s3.amazonaws.com/photos/619918327/original.jpg,https://static.inaturalist.org/photos/619871174/original.jpg,https://static.inaturalist.org/photos/619871195/original.jpg,https://static.inaturalist.org/photos/619854245/original.jpg,https://static.inaturalist.org/photos/619852743/original.jpg,https://inaturalist-open-data.s3.amazonaws.com/photos/619851879/original.jpg,https://inaturalist-open-data.s3.amazonaws.com/photos/619851896/original.jpg,https://inaturalist-open-data.s3.amazonaws.com/photos/619851926/original.jpg"
Guava,"https://static.inaturalist.org/photos/619905829/original.jpg,https://static.inaturalist.org/photos/619905591/original.jpg,https://static.inaturalist.org/photos/619905143/original.jpg,https://inaturalist-open-data.s3.amazonaws.com/photos/619902576/original.jpg,https://inaturalist-open-data.s3.amazonaws.com/photos/619902602/original.jpg,https://inaturalist-open-data.s3.amazonaws.com/photos/619902629/original.jpg,https://inaturalist-open-data.s3.amazonaws.com/photos/619900102/original.jpg"
Ixia,"https://inaturalist-open-data.s3.amazonaws.com/photos/619826585/original.jpg,https://static.inaturalist.org/photos/619824153/original.jpg,https://static.inaturalist.org/photos/619823783/original.jpg,https://static.inaturalist.org/photos/619823699/original.jpg,https://static.inaturalist.org/photos/619823740/original.jpg,https://static.inaturalist.org/photos/619815933/original.jpg,https://static.inaturalist.org/photos/619815961/original.jpg,https://static.inaturalist.org/photos/619815983/original.jpg"
Jacaranda,"https://inaturalist-open-data.s3.amazonaws.com/photos/619870695/original.jpg,https://inaturalist-open-data.s3.amazonaws.com/photos/619870542/original.jpg,https://inaturalist-open-data.s3.amazonaws.com/photos/619867732/original.jpg,https://inaturalist-open-data.s3.amazonaws.com/photos/619867792/original.jpg,https://inaturalist-open-data.s3.amazonaws.com/photos/619867872/original.jpg,https://inaturalist-open-data.s3.amazonaws.com/photos/619867910/original.jpg,https://inaturalist-open-data.s3.amazonaws.com/photos/619867951/original.jpg,https://inaturalist-open-data.s3.amazonaws.com/photos/619847446/original.jpg,https://inaturalist-open-data.s3.amazonaws.com/photos/619847464/original.jpg,https://inaturalist-open-data.s3.amazonaws.com/photos/619834604/original.jpg,https://inaturalist-open-data.s3.amazonaws.com/photos/619834621/original.jpg,https://inaturalist-open-data.s3.amazonaws.com/photos/619834643/original.jpg,https://inaturalist-open-data.s3.amazonaws.com/photos/619834668/original.jpg"
Kiwi Vine,"https://cdn.shopify.com/s/files/1/0061/1391/9089/files/Kiwi_plantation.jpg?v=1752857266,https://cdn.mos.cms.futurecdn.net/i8RHxxvsdhaUMTaXzhfTpV.jpg,https://www.gardenia.net/wp-content/uploads/2025/08/ChatGPT-Image-Aug-28-2025-12_55_33-PM.jpg"
Knautia,"https://inaturalist-open-data.s3.amazonaws.com/photos/619906486/original.jpg,https://inaturalist-open-data.s3.amazonaws.com/photos/619864332/original.jpg,https://inaturalist-open-data.s3.amazonaws.com/photos/619864248/original.jpg,https://inaturalist-open-data.s3.amazonaws.com/photos/619852133/original.jpg,https://inaturalist-open-data.s3.amazonaws.com/photos/619800090/original.jpg,https://inaturalist-open-data.s3.amazonaws.com/photos/619800100/original.jpg,https://inaturalist-open-data.s3.amazonaws.com/photos/619800075/original.jpg"
Liatris,"https://inaturalist-open-data.s3.amazonaws.com/photos/619890799/original.jpg,https://inaturalist-open-data.s3.amazonaws.com/photos/619720778/original.jpg,https://inaturalist-open-data.s3.amazonaws.com/photos/619658243/original.jpg,https://inaturalist-open-data.s3.amazonaws.com/photos/619632227/original.jpg,https://inaturalist-open-data.s3.amazonaws.com/photos/619616339/original.jpg"
Lilac,"https://inaturalist-open-data.s3.amazonaws.com/photos/619921884/original.jpg,https://static.inaturalist.org/photos/619920076/original.jpg,https://inaturalist-open-data.s3.amazonaws.com/photos/619918641/original.jpg,https://static.inaturalist.org/photos/619918383/original.jpg,https://static.inaturalist.org/photos/619918436/original.jpg,https://static.inaturalist.org/photos/619918457/original.jpg,https://inaturalist-open-data.s3.amazonaws.com/photos/619889645/original.jpg,https://inaturalist-open-data.s3.amazonaws.com/photos/619889668/original.jpg,https://inaturalist-open-data.s3.amazonaws.com/photos/619889707/original.jpg"
Luffa,"https://inaturalist-open-data.s3.amazonaws.com/photos/619810640/original.jpg,https://inaturalist-open-data.s3.amazonaws.com/photos/619631207/original.jpg,https://inaturalist-open-data.s3.amazonaws.com/photos/619383192/original.jpg,https://inaturalist-open-data.s3.amazonaws.com/photos/619337486/original.jpg,https://inaturalist-open-data.s3.amazonaws.com/photos/619337489/original.jpg,https://inaturalist-open-data.s3.amazonaws.com/photos/619325055/original.jpg"
Malva (Mallow),"https://upload.wikimedia.org/wikipedia/commons/0/09/Mallow_January_2008-1.jpg,https://wgi-img.s3.amazonaws.com/VarietyImage/a19ed3905584836c5f75c5dcb8ef8bc6.jpg,https://www.gardenia.net/wp-content/uploads/2023/05/Malva-sylvestris-780x520.webp"
Neoregalia (Bromeliad),"https://eureka-farms.com/cdn/shop/files/2D3E99B4-A21C-4DED-AD61-0B4593F1288C.jpg?v=1706669983,https://sundanceorchids.com/wp-content/uploads/2020/04/20230912_142444-scaled.jpg,https://www.thebiodude.com/cdn/shop/products/bromeliad_bundle_5022db17-1ca7-41c9-baf0-88967b289b90.jpg?v=1647536583"
Nettle,"https://inaturalist-open-data.s3.amazonaws.com/photos/619922222/original.jpg,https://inaturalist-open-data.s3.amazonaws.com/photos/619921705/original.jpg,https://inaturalist-open-data.s3.amazonaws.com/photos/619920274/original.jpg,https://inaturalist-open-data.s3.amazonaws.com/photos/619918261/original.jpg,https://inaturalist-open-data.s3.amazonaws.com/photos/619921236/original.jpg"
Passionflower,"https://inaturalist-open-data.s3.amazonaws.com/photos/619911078/original.jpg,https://inaturalist-open-data.s3.amazonaws.com/photos/619911171/original.jpg,https://inaturalist-open-data.s3.amazonaws.com/photos/619908895/original.jpg,https://inaturalist-open-data.s3.amazonaws.com/photos/619908917/original.jpg,https://inaturalist-open-data.s3.amazonaws.com/photos/619908481/original.jpg,https://inaturalist-open-data.s3.amazonaws.com/photos/619905252/original.jpg,https://inaturalist-open-data.s3.amazonaws.com/photos/619905286/original.jpg,https://inaturalist-open-data.s3.amazonaws.com/photos/619905326/original.jpg,https://inaturalist-open-data.s3.amazonaws.com/photos/619905389/original.jpg,https://inaturalist-open-data.s3.amazonaws.com/photos/619897007/original.jpg"
Pepper Plant,"https://static.inaturalist.org/photos/619922420/original.jpg,https://static.inaturalist.org/photos/619922488/original.jpg,https://static.inaturalist.org/photos/619912091/original.jpg,https://static.inaturalist.org/photos/619912118/original.jpg,https://static.inaturalist.org/photos/619912142/original.jpg,https://static.inaturalist.org/photos/619912164/original.jpg,https://static.inaturalist.org/photos/619912190/original.jpg,https://static.inaturalist.org/photos/619912219/original.jpg,https://static.inaturalist.org/photos/619912246/original.jpg,https://inaturalist-open-data.s3.amazonaws.com/photos/619901495/original.jpg,https://inaturalist-open-data.s3.amazonaws.com/photos/619901575/original.jpg,https://inaturalist-open-data.s3.amazonaws.com/photos/619897868/original.jpg"
Pomegranate,"https://inaturalist-open-data.s3.amazonaws.com/photos/619875631/original.jpg,https://inaturalist-open-data.s3.amazonaws.com/photos/619832717/original.jpg,https://inaturalist-open-data.s3.amazonaws.com/photos/619803535/original.jpg,https://inaturalist-open-data.s3.amazonaws.com/photos/619803550/original.jpg,https://inaturalist-open-data.s3.amazonaws.com/photos/619794815/original.jpg,https://inaturalist-open-data.s3.amazonaws.com/photos/619795177/original.jpg,https://inaturalist-open-data.s3.amazonaws.com/photos/619795566/original.jpg"
Potato Vine,"https://static.inaturalist.org/photos/619757688/original.jpg,https://static.inaturalist.org/photos/619665823/original.jpg,https://static.inaturalist.org/photos/619666048/original.jpg,https://inaturalist-open-data.s3.amazonaws.com/photos/619540956/original.jpg,https://inaturalist-open-data.s3.amazonaws.com/photos/619540970/original.jpg,https://inaturalist-open-data.s3.amazonaws.com/photos/619453635/original.jpg,https://inaturalist-open-data.s3.amazonaws.com/photos/619453634/original.jpg,https://inaturalist-open-data.s3.amazonaws.com/photos/619453638/original.jpg,https://inaturalist-open-data.s3.amazonaws.com/photos/619316961/original.jpg"
Protea,"https://inaturalist-open-data.s3.amazonaws.com/photos/619917954/original.jpg,https://inaturalist-open-data.s3.amazonaws.com/photos/619865937/original.jpg,https://inaturalist-open-data.s3.amazonaws.com/photos/619827338/original.jpg,https://inaturalist-open-data.s3.amazonaws.com/photos/619823927/original.jpg,https://inaturalist-open-data.s3.amazonaws.com/photos/619823823/original.jpg"
Purslane,"https://inaturalist-open-data.s3.amazonaws.com/photos/619918511/original.jpg,https://inaturalist-open-data.s3.amazonaws.com/photos/619909265/original.jpg,https://inaturalist-open-data.s3.amazonaws.com/photos/619906076/original.jpg,https://inaturalist-open-data.s3.amazonaws.com/photos/619906081/original.jpg,https://inaturalist-open-data.s3.amazonaws.com/photos/619906082/original.jpg,https://inaturalist-open-data.s3.amazonaws.com/photos/619906084/original.jpg,https://inaturalist-open-data.s3.amazonaws.com/photos/619906073/original.jpg,https://inaturalist-open-data.s3.amazonaws.com/photos/619898874/original.jpg,https://static.inaturalist.org/photos/619890642/original.jpg"
Quince,"https://inaturalist-open-data.s3.amazonaws.com/photos/619920195/original.jpg,https://inaturalist-open-data.s3.amazonaws.com/photos/619920253/original.jpg,https://inaturalist-open-data.s3.amazonaws.com/photos/619920332/original.jpg,https://inaturalist-open-data.s3.amazonaws.com/photos/619902134/original.jpg,https://inaturalist-open-data.s3.amazonaws.com/photos/619869802/original.jpg,https://inaturalist-open-data.s3.amazonaws.com/photos/619869763/original.jpg,https://inaturalist-open-data.s3.amazonaws.com/photos/619869707/original.jpg,https://inaturalist-open-data.s3.amazonaws.com/photos/619862760/original.jpg,https://static.inaturalist.org/photos/619856929/original.jpg,https://static.inaturalist.org/photos/619856953/original.jpg"
Red Hot Poker (Kniphofia),"https://www.dutchgrown.com/cdn/shop/products/Red_Hot_Poker_Kniphofia-4.jpg?v=1674822551,https://www.provenwinners.com/sites/provenwinners.com/files/imagecache/500x500/ifa_upload/kniphofia_hot_and_cold_apj21.jpg,https://www.gardendesign.com/pictures/images/900x705Max/site_3/rocket-s-red-glare-kniphofia-kniphofia-hybrid-proven-winners_17966.jpg"
Red-leafed Maple,"https://mapleleavesforever.ca/wp-content/uploads/2017/05/NativeMapleRedMaple3.jpg,https://plantmegreen.com/cdn/shop/products/Maple_Jap_Bloodgood_Branch_1.jpg?v=1740434015&width=720,https://shop-static.arborday.org/media/0003299_summer-red-maple.jpeg"
Rhododendron,"https://inaturalist-open-data.s3.amazonaws.com/photos/619921407/original.jpg,https://inaturalist-open-data.s3.amazonaws.com/photos/619921750/original.jpg,https://static.inaturalist.org/photos/619921117/original.jpg,https://static.inaturalist.org/photos/619921114/original.jpg,https://inaturalist-open-data.s3.amazonaws.com/photos/619916892/original.jpg,https://inaturalist-open-data.s3.amazonaws.com/photos/619916915/original.jpg,https://inaturalist-open-data.s3.amazonaws.com/photos/619916939/original.jpg,https://inaturalist-open-data.s3.amazonaws.com/photos/619916449/original.jpg"
Snowdrop,"https://inaturalist-open-data.s3.amazonaws.com/photos/619921153/original.jpg,https://inaturalist-open-data.s3.amazonaws.com/photos/619921440/original.jpg,https://static.inaturalist.org/photos/619920823/original.jpg,https://inaturalist-open-data.s3.amazonaws.com/photos/619919791/original.jpg,https://inaturalist-open-data.s3.amazonaws.com/photos/619919280/original.jpg,https://inaturalist-open-data.s3.amazonaws.com/photos/619919329/original.jpg,https://inaturalist-open-data.s3.amazonaws.com/photos/619919142/original.jpg"
Spider Flower,"https://inaturalist-open-data.s3.amazonaws.com/photos/619921372/original.jpg,https://inaturalist-open-data.s3.amazonaws.com/photos/619921384/original.jpg,https://inaturalist-open-data.s3.amazonaws.com/photos/619921396/original.jpg,https://inaturalist-open-data.s3.amazonaws.com/photos/619910505/original.jpg,https://inaturalist-open-data.s3.amazonaws.com/photos/619910539/original.jpg,https://inaturalist-open-data.s3.amazonaws.com/photos/619886664/original.jpg,https://inaturalist-open-data.s3.amazonaws.com/photos/619903063/original.jpg,https://static.inaturalist.org/photos/619898153/original.jpg"
Star Jasmine,"https://inaturalist-open-data.s3.amazonaws.com/photos/619865316/original.jpg,https://inaturalist-open-data.s3.amazonaws.com/photos/619803929/original.jpg,https://inaturalist-open-data.s3.amazonaws.com/photos/619803958/original.jpg,https://static.inaturalist.org/photos/619543076/original.jpg,https://inaturalist-open-data.s3.amazonaws.com/photos/619500924/original.jpg,https://inaturalist-open-data.s3.amazonaws.com/photos/619452722/original.jpg"
Strawberry Plant,"https://melissaknorris.com/wp-content/uploads/2022/05/Strawberries-ready-to-pick_MKN-1024x683.jpg,https://www.tnnursery.net/cdn/shop/articles/8338a51a986d27bfb4457e28b5d3c6ac_5ff956c3-9700-4fe7-b1fd-687474231d7b.jpg?v=1766330934,https://cdn.mos.cms.futurecdn.net/gsyHgga9RwgXSVBPujwmmg-836-80.jpg"
Sweet Basil,"https://inaturalist-open-data.s3.amazonaws.com/photos/619846323/original.jpg,https://inaturalist-open-data.s3.amazonaws.com/photos/619840881/original.jpg,https://static.inaturalist.org/photos/619787642/original.jpg,https://static.inaturalist.org/photos/619787657/original.jpg,https://static.inaturalist.org/photos/619759163/original.jpg,https://inaturalist-open-data.s3.amazonaws.com/photos/619725270/original.jpg"
Sweet Potato Vine,"https://robrick.com/wp-content/uploads/2025/05/blackipoemoea2_488x700.jpg,https://i.ebayimg.com/images/g/spgAAOSwkUBmsCqq/s-l1200.png,https://www.almanac.com/sites/default/files/styles/or/public/image_nodes/sweet-potato-vine-kathryn-roach.jpg?itok=o3s_8qlM"
Taro,"https://static.inaturalist.org/photos/619915240/original.jpg,https://inaturalist-open-data.s3.amazonaws.com/photos/619884486/original.jpg,https://inaturalist-open-data.s3.amazonaws.com/photos/619869036/original.jpg,https://inaturalist-open-data.s3.amazonaws.com/photos/619869053/original.jpg,https://inaturalist-open-data.s3.amazonaws.com/photos/619869012/original.jpg,https://inaturalist-open-data.s3.amazonaws.com/photos/619870258/original.jpg,https://inaturalist-open-data.s3.amazonaws.com/photos/619870307/original.jpg"
Tiger Lily,"https://inaturalist-open-data.s3.amazonaws.com/photos/619654169/original.jpg,https://inaturalist-open-data.s3.amazonaws.com/photos/619654135/original.jpg,https://inaturalist-open-data.s3.amazonaws.com/photos/619373107/original.jpg,https://inaturalist-open-data.s3.amazonaws.com/photos/619368789/original.jpg,https://inaturalist-open-data.s3.amazonaws.com/photos/618878867/original.jpg"
Violet,"https://inaturalist-open-data.s3.amazonaws.com/photos/619922169/original.jpg,https://inaturalist-open-data.s3.amazonaws.com/photos/619921829/original.jpg,https://inaturalist-open-data.s3.amazonaws.com/photos/619921509/original.jpg,https://inaturalist-open-data.s3.amazonaws.com/photos/619921846/original.jpg,https://inaturalist-open-data.s3.amazonaws.com/photos/619920540/original.jpg"
Zebra Plant,"https://inaturalist-open-data.s3.amazonaws.com/photos/619809587/original.jpg,https://inaturalist-open-data.s3.amazonaws.com/photos/619636853/original.jpg,https://inaturalist-open-data.s3.amazonaws.com/photos/619630485/original.jpg,https://inaturalist-open-data.s3.amazonaws.com/photos/619630521/original.jpg,https://inaturalist-open-data.s3.amazonaws.com/photos/619250716/original.jpg,https://inaturalist-open-data.s3.amazonaws.com/photos/618933904/original.jpg"
Zephyranthes (Rain Lily),"https://www.flawildflowers.org/wp-content/uploads/2015/04/zephyranthes_atamasca_dietrich2-e1602609610190.jpg,https://www.highcountrygardens.com/cdn/shop/files/zephyranthes-mixture-rain-lilies-mix.jpg?v=1761077245,https://www.gardenia.net/wp-content/uploads/2023/05/zephyranthes-grandiflora-780x450.webp"
Buckwheat,"https://inaturalist-open-data.s3.amazonaws.com/photos/619923407/original.jpg,https://inaturalist-open-data.s3.amazonaws.com/photos/619923449/original.jpg,https://inaturalist-open-data.s3.amazonaws.com/photos/619920834/original.jpg,https://static.inaturalist.org/photos/619915962/original.jpg,https://static.inaturalist.org/photos/619915039/original.jpg,https://static.inaturalist.org/photos/619915042/original.jpg,https://static.inaturalist.org/photos/619915050/original.jpg,https://inaturalist-open-data.s3.amazonaws.com/photos/619898779/original.jpg"
Cabbage Palm,"https://inaturalist-open-data.s3.amazonaws.com/photos/619906715/original.jpg,https://inaturalist-open-data.s3.amazonaws.com/photos/619906719/original.jpg,https://inaturalist-open-data.s3.amazonaws.com/photos/619906723/original.jpg,https://inaturalist-open-data.s3.amazonaws.com/photos/619889190/original.jpg,https://inaturalist-open-data.s3.amazonaws.com/photos/619889189/original.jpg,https://inaturalist-open-data.s3.amazonaws.com/photos/619879130/original.jpg,https://inaturalist-open-data.s3.amazonaws.com/photos/619864463/original.jpg,https://inaturalist-open-data.s3.amazonaws.com/photos/619863188/original.jpg"
Camelina,"https://inaturalist-open-data.s3.amazonaws.com/photos/619765241/original.jpg,https://inaturalist-open-data.s3.amazonaws.com/photos/619765246/original.jpg,https://inaturalist-open-data.s3.amazonaws.com/photos/619043343/original.jpg,https://inaturalist-open-data.s3.amazonaws.com/photos/618742245/original.jpg,https://inaturalist-open-data.s3.amazonaws.com/photos/618145513/original.jpg,https://inaturalist-open-data.s3.amazonaws.com/photos/618145541/original.jpg,https://inaturalist-open-data.s3.amazonaws.com/photos/617772713/original.jpg,https://inaturalist-open-data.s3.amazonaws.com/photos/617772719/original.jpg,https://inaturalist-open-data.s3.amazonaws.com/photos/617772710/original.jpg"
Elderflower,"https://inaturalist-open-data.s3.amazonaws.com/photos/617492360/original.jpg,https://static.inaturalist.org/photos/616635741/original.jpg,https://inaturalist-open-data.s3.amazonaws.com/photos/616629367/original.jpg,https://inaturalist-open-data.s3.amazonaws.com/photos/614124335/original.jpg,https://inaturalist-open-data.s3.amazonaws.com/photos/613348056/original.jpg"
Epazote,"https://inaturalist-open-data.s3.amazonaws.com/photos/619868208/original.jpg,https://inaturalist-open-data.s3.amazonaws.com/photos/619868200/original.jpg,https://inaturalist-open-data.s3.amazonaws.com/photos/619868198/original.jpg,https://inaturalist-open-data.s3.amazonaws.com/photos/619868193/original.jpg,https://inaturalist-open-data.s3.amazonaws.com/photos/619848344/original.jpg,https://inaturalist-open-data.s3.amazonaws.com/photos/619848338/original.jpg,https://inaturalist-open-data.s3.amazonaws.com/photos/619842766/original.jpg,https://inaturalist-open-data.s3.amazonaws.com/photos/619842786/original.jpg,https://inaturalist-open-data.s3.amazonaws.com/photos/619842807/original.jpg,https://inaturalist-open-data.s3.amazonaws.com/photos/619842827/original.jpg,https://inaturalist-open-data.s3.amazonaws.com/photos/619841219/original.jpg,https://inaturalist-open-data.s3.amazonaws.com/photos/619754161/original.jpg"
Fern (Maidenhair),"https://inaturalist-open-data.s3.amazonaws.com/photos/619916616/original.jpg,https://static.inaturalist.org/photos/619914106/original.jpg,https://inaturalist-open-data.s3.amazonaws.com/photos/619910605/original.jpg,https://inaturalist-open-data.s3.amazonaws.com/photos/619870675/original.jpg,https://inaturalist-open-data.s3.amazonaws.com/photos/619870706/original.jpg,https://inaturalist-open-data.s3.amazonaws.com/photos/619845380/original.jpg,https://inaturalist-open-data.s3.amazonaws.com/photos/619845384/original.jpg"
Galangal,"https://inaturalist-open-data.s3.amazonaws.com/photos/619347007/original.jpg,https://inaturalist-open-data.s3.amazonaws.com/photos/619239614/original.jpg,https://inaturalist-open-data.s3.amazonaws.com/photos/619192898/original.jpg,https://inaturalist-open-data.s3.amazonaws.com/photos/619149154/original.jpg,https://inaturalist-open-data.s3.amazonaws.com/photos/619149168/original.jpg,https://inaturalist-open-data.s3.amazonaws.com/photos/619149177/original.jpg,https://inaturalist-open-data.s3.amazonaws.com/photos/619149195/original.jpg,https://static.inaturalist.org/photos/618901110/original.jpg,https://static.inaturalist.org/photos/618901572/original.jpg,https://static.inaturalist.org/photos/618901711/original.jpg"
Hummingbird Sage,"https://inaturalist-open-data.s3.amazonaws.com/photos/619696430/original.jpg,https://inaturalist-open-data.s3.amazonaws.com/photos/619685995/original.jpg,https://inaturalist-open-data.s3.amazonaws.com/photos/619647401/original.jpg,https://static.inaturalist.org/photos/619613594/original.jpg,https://inaturalist-open-data.s3.amazonaws.com/photos/619765654/original.jpg"
Indian Cress,"https://static.inaturalist.org/photos/619917884/original.jpg,https://inaturalist-open-data.s3.amazonaws.com/photos/619764989/original.jpg,https://inaturalist-open-data.s3.amazonaws.com/photos/619764994/original.jpg,https://inaturalist-open-data.s3.amazonaws.com/photos/619737797/original.jpg,https://inaturalist-open-data.s3.amazonaws.com/photos/619708362/original.jpg,https://inaturalist-open-data.s3.amazonaws.com/photos/619693268/original.jpg"
Lacandonian,"https://upload.wikimedia.org/wikipedia/commons/1/1e/Lacandonia.PNG,https://inaturalist-open-data.s3.amazonaws.com/photos/2453263/large.JPG,https://inaturalist-open-data.s3.amazonaws.com/photos/14295754/medium.jpg"
Lemon Grass,"https://inaturalist-open-data.s3.amazonaws.com/photos/619844899/original.jpg,https://inaturalist-open-data.s3.amazonaws.com/photos/619831245/original.jpg,https://inaturalist-open-data.s3.amazonaws.com/photos/619831218/original.jpg,https://inaturalist-open-data.s3.amazonaws.com/photos/619831216/original.jpg,https://static.inaturalist.org/photos/619816176/original.jpg,https://static.inaturalist.org/photos/619816241/original.jpg,https://inaturalist-open-data.s3.amazonaws.com/photos/619778815/original.jpg,https://inaturalist-open-data.s3.amazonaws.com/photos/619621566/original.jpg"
Lilac Bush,"https://inaturalist-open-data.s3.amazonaws.com/photos/617371842/original.jpg,https://inaturalist-open-data.s3.amazonaws.com/photos/617372162/original.jpg,https://inaturalist-open-data.s3.amazonaws.com/photos/594554659/original.jpg,https://inaturalist-open-data.s3.amazonaws.com/photos/569233493/original.jpg,https://inaturalist-open-data.s3.amazonaws.com/photos/569234369/original.jpg,https://inaturalist-open-data.s3.amazonaws.com/photos/569234367/original.jpg,https://inaturalist-open-data.s3.amazonaws.com/photos/569234365/original.jpg,https://inaturalist-open-data.s3.amazonaws.com/photos/500423618/original.jpeg,https://inaturalist-open-data.s3.amazonaws.com/photos/500423640/original.jpeg,https://inaturalist-open-data.s3.amazonaws.com/photos/500423660/original.jpeg,https://inaturalist-open-data.s3.amazonaws.com/photos/500423685/original.jpeg,https://inaturalist-open-data.s3.amazonaws.com/photos/500423714/original.jpeg,https://inaturalist-open-data.s3.amazonaws.com/photos/499664951/original.jpg,https://inaturalist-open-data.s3.amazonaws.com/photos/499665043/original.jpg"
Mandevilla,"https://inaturalist-open-data.s3.amazonaws.com/photos/619826517/original.jpg,https://inaturalist-open-data.s3.amazonaws.com/photos/619826533/original.jpg,https://inaturalist-open-data.s3.amazonaws.com/photos/619826541/original.jpg,https://inaturalist-open-data.s3.amazonaws.com/photos/619826542/original.jpg,https://inaturalist-open-data.s3.amazonaws.com/photos/619826543/original.jpg,https://inaturalist-open-data.s3.amazonaws.com/photos/619823701/original.jpg,https://inaturalist-open-data.s3.amazonaws.com/photos/619699007/original.jpg,https://inaturalist-open-data.s3.amazonaws.com/photos/619583365/original.jpg,https://inaturalist-open-data.s3.amazonaws.com/photos/619583345/original.jpg,https://inaturalist-open-data.s3.amazonaws.com/photos/619583380/original.jpg,https://inaturalist-open-data.s3.amazonaws.com/photos/619582638/original.jpg,https://inaturalist-open-data.s3.amazonaws.com/photos/619497674/original.jpg,https://inaturalist-open-data.s3.amazonaws.com/photos/619497688/original.jpg,https://inaturalist-open-data.s3.amazonaws.com/photos/619497713/original.jpg,https://inaturalist-open-data.s3.amazonaws.com/photos/619497728/original.jpg"
Marigold (African),"https://inaturalist-open-data.s3.amazonaws.com/photos/619851681/original.jpg,https://inaturalist-open-data.s3.amazonaws.com/photos/619851679/original.jpg,https://static.inaturalist.org/photos/619732041/original.jpg,https://static.inaturalist.org/photos/619732087/original.jpg,https://inaturalist-open-data.s3.amazonaws.com/photos/619690425/original.jpg,https://inaturalist-open-data.s3.amazonaws.com/photos/619668566/original.jpg,https://inaturalist-open-data.s3.amazonaws.com/photos/619577865/original.jpg"
Mayapple,"https://inaturalist-open-data.s3.amazonaws.com/photos/619913599/original.jpg,https://inaturalist-open-data.s3.amazonaws.com/photos/619913600/original.jpg,https://inaturalist-open-data.s3.amazonaws.com/photos/619906388/original.jpg,https://inaturalist-open-data.s3.amazonaws.com/photos/619745716/original.jpg,https://inaturalist-open-data.s3.amazonaws.com/photos/619672579/original.jpg,https://inaturalist-open-data.s3.amazonaws.com/photos/619665877/original.jpg"
Nandina (Heavenly Bamboo),"https://www.gardenia.net/wp-content/uploads/2023/05/Nandina-Domestica-Heavenly-Bamboo.webp,https://images.immediate.co.uk/production/volatile/sites/10/2020/01/2048x1365-Grow-Guide-Nandina-My_Container_Style_with_Joe_Swift_15_10_18_Container2_c21-f011568.jpg?quality=90&resize=940,627,https://cdn.shopify.com/s/files/1/0059/8835/2052/products/Heavenly_Bamboo_Nandina_1.jpg?v=1612444396"
Nutmeg,"https://inaturalist-open-data.s3.amazonaws.com/photos/619922349/original.jpg,https://inaturalist-open-data.s3.amazonaws.com/photos/619922381/original.jpg,https://inaturalist-open-data.s3.amazonaws.com/photos/619842941/original.jpg,https://inaturalist-open-data.s3.amazonaws.com/photos/619844350/original.jpg,https://inaturalist-open-data.s3.amazonaws.com/photos/619844451/original.jpg,https://inaturalist-open-data.s3.amazonaws.com/photos/619844716/original.jpg,https://static.inaturalist.org/photos/619826789/original.jpg,https://inaturalist-open-data.s3.amazonaws.com/photos/619804244/original.jpg,https://inaturalist-open-data.s3.amazonaws.com/photos/619804266/original.jpg,https://inaturalist-open-data.s3.amazonaws.com/photos/619797109/original.jpg"
Orchid (Vanilla),"https://inaturalist-open-data.s3.amazonaws.com/photos/619883504/original.jpg,https://inaturalist-open-data.s3.amazonaws.com/photos/619766987/original.jpg,https://inaturalist-open-data.s3.amazonaws.com/photos/619618638/original.jpg,https://inaturalist-open-data.s3.amazonaws.com/photos/619132036/original.jpg,https://inaturalist-open-data.s3.amazonaws.com/photos/619095152/original.jpg,https://inaturalist-open-data.s3.amazonaws.com/photos/619095166/original.jpg"
Peepal Tree,"https://aranyanursery.com/wp-content/uploads/2024/09/Peepal-raavi-chettu.jpeg,https://i.etsystatic.com/18235076/r/il/cd02ab/2184449508/il_1080xN.2184449508_do26.jpg,https://upload.wikimedia.org/wikipedia/commons/9/94/Ficus_religiosa_Bo.jpg"
Plumeria,"https://inaturalist-open-data.s3.amazonaws.com/photos/619920152/original.jpg,https://inaturalist-open-data.s3.amazonaws.com/photos/619905281/original.jpg,https://inaturalist-open-data.s3.amazonaws.com/photos/619905332/original.jpg,https://inaturalist-open-data.s3.amazonaws.com/photos/619905329/original.jpg,https://inaturalist-open-data.s3.amazonaws.com/photos/619905304/original.jpg,https://inaturalist-open-data.s3.amazonaws.com/photos/619905364/original.jpg,https://inaturalist-open-data.s3.amazonaws.com/photos/619891877/original.jpg,https://inaturalist-open-data.s3.amazonaws.com/photos/619883035/original.jpg,https://inaturalist-open-data.s3.amazonaws.com/photos/619883080/original.jpg,https://inaturalist-open-data.s3.amazonaws.com/photos/619877923/original.jpg"
Quaking Aspen,"https://inaturalist-open-data.s3.amazonaws.com/photos/619920715/original.jpg,https://inaturalist-open-data.s3.amazonaws.com/photos/619917938/original.jpg,https://inaturalist-open-data.s3.amazonaws.com/photos/619883696/original.jpg,https://inaturalist-open-data.s3.amazonaws.com/photos/619884050/original.jpg,https://inaturalist-open-data.s3.amazonaws.com/photos/619884051/original.jpg,https://inaturalist-open-data.s3.amazonaws.com/photos/619884067/original.jpg,https://inaturalist-open-data.s3.amazonaws.com/photos/619866937/original.jpg,https://inaturalist-open-data.s3.amazonaws.com/photos/619863302/original.jpg"
Quinoa,"https://inaturalist-open-data.s3.amazonaws.com/photos/618742933/original.jpg,https://inaturalist-open-data.s3.amazonaws.com/photos/618743018/original.jpg,https://inaturalist-open-data.s3.amazonaws.com/photos/618743093/original.jpg,https://inaturalist-open-data.s3.amazonaws.com/photos/618743194/original.jpg,https://inaturalist-open-data.s3.amazonaws.com/photos/618403526/original.jpg,https://static.inaturalist.org/photos/616786017/original.jpg,https://static.inaturalist.org/photos/616786041/original.jpg,https://inaturalist-open-data.s3.amazonaws.com/photos/616254120/original.jpg,https://inaturalist-open-data.s3.amazonaws.com/photos/615239633/original.jpg"
Red Maple,"https://inaturalist-open-data.s3.amazonaws.com/photos/619923430/original.jpg,https://static.inaturalist.org/photos/619921721/original.jpg,https://inaturalist-open-data.s3.amazonaws.com/photos/619917082/original.jpg,https://inaturalist-open-data.s3.amazonaws.com/photos/619917049/original.jpg,https://inaturalist-open-data.s3.amazonaws.com/photos/619917226/original.jpg,https://inaturalist-open-data.s3.amazonaws.com/photos/619725498/original.jpg,https://inaturalist-open-data.s3.amazonaws.com/photos/619725502/original.jpg,https://inaturalist-open-data.s3.amazonaws.com/photos/619906652/original.jpg,https://inaturalist-open-data.s3.amazonaws.com/photos/619906651/original.jpg,https://inaturalist-open-data.s3.amazonaws.com/photos/619906654/original.jpg,https://inaturalist-open-data.s3.amazonaws.com/photos/619906681/original.jpg,https://inaturalist-open-data.s3.amazonaws.com/photos/619906637/original.jpg"
Redwood,"https://inaturalist-open-data.s3.amazonaws.com/photos/619916624/original.jpg,https://inaturalist-open-data.s3.amazonaws.com/photos/619916625/original.jpg,https://inaturalist-open-data.s3.amazonaws.com/photos/619916623/original.jpg,https://inaturalist-open-data.s3.amazonaws.com/photos/619916620/original.jpg,https://inaturalist-open-data.s3.amazonaws.com/photos/619916621/original.jpg,https://inaturalist-open-data.s3.amazonaws.com/photos/619914602/original.jpg,https://inaturalist-open-data.s3.amazonaws.com/photos/619913977/original.jpg,https://inaturalist-open-data.s3.amazonaws.com/photos/619913144/original.jpg,https://inaturalist-open-data.s3.amazonaws.com/photos/619913147/original.jpg,https://inaturalist-open-data.s3.amazonaws.com/photos/619913143/original.jpg,https://inaturalist-open-data.s3.amazonaws.com/photos/619910432/original.jpg"
River Birch,"https://inaturalist-open-data.s3.amazonaws.com/photos/619875077/original.jpg,https://static.inaturalist.org/photos/619873949/original.jpg,https://inaturalist-open-data.s3.amazonaws.com/photos/619862910/original.jpg,https://inaturalist-open-data.s3.amazonaws.com/photos/619733843/original.jpg,https://inaturalist-open-data.s3.amazonaws.com/photos/619733861/original.jpg,https://inaturalist-open-data.s3.amazonaws.com/photos/619705882/original.jpg"
Rose of Sharon,"https://inaturalist-open-data.s3.amazonaws.com/photos/619910958/original.jpg,https://static.inaturalist.org/photos/619838556/original.jpg,https://inaturalist-open-data.s3.amazonaws.com/photos/619679875/original.jpg,https://inaturalist-open-data.s3.amazonaws.com/photos/619608743/original.jpg,https://inaturalist-open-data.s3.amazonaws.com/photos/619608759/original.jpg,https://inaturalist-open-data.s3.amazonaws.com/photos/619608778/original.jpg,https://inaturalist-open-data.s3.amazonaws.com/photos/619587571/original.jpg,https://inaturalist-open-data.s3.amazonaws.com/photos/619588006/original.jpg,https://inaturalist-open-data.s3.amazonaws.com/photos/619588030/original.jpg,https://inaturalist-open-data.s3.amazonaws.com/photos/619588040/original.jpg"
Rosemary Mint,"https://static.inaturalist.org/photos/617126982/original.jpg,https://static.inaturalist.org/photos/617127004/original.jpg,https://static.inaturalist.org/photos/617127012/original.jpg,https://static.inaturalist.org/photos/617127041/original.jpg,https://static.inaturalist.org/photos/617127063/original.jpg,https://inaturalist-open-data.s3.amazonaws.com/photos/612814308/original.jpg,https://static.inaturalist.org/photos/612275844/original.jpg,https://static.inaturalist.org/photos/612275846/original.jpg,https://static.inaturalist.org/photos/609102636/original.jpg,https://inaturalist-open-data.s3.amazonaws.com/photos/608532860/original.jpg,https://inaturalist-open-data.s3.amazonaws.com/photos/608532863/original.jpg,https://inaturalist-open-data.s3.amazonaws.com/photos/608532862/original.jpg,https://inaturalist-open-data.s3.amazonaws.com/photos/608532866/original.jpg,https://inaturalist-open-data.s3.amazonaws.com/photos/608532869/original.jpg,https://inaturalist-open-data.s3.amazonaws.com/photos/608532871/original.jpg,https://inaturalist-open-data.s3.amazonaws.com/photos/608532873/original.jpg,https://inaturalist-open-data.s3.amazonaws.com/photos/608532874/original.jpg,https://inaturalist-open-data.s3.amazonaws.com/photos/608532875/original.jpg,https://inaturalist-open-data.s3.amazonaws.com/photos/608532879/original.jpg,https://inaturalist-open-data.s3.amazonaws.com/photos/608533167/original.jpg,https://inaturalist-open-data.s3.amazonaws.com/photos/608533170/original.jpg,https://inaturalist-open-data.s3.amazonaws.com/photos/608533171/original.jpg,https://inaturalist-open-data.s3.amazonaws.com/photos/608533172/original.jpg,https://inaturalist-open-data.s3.amazonaws.com/photos/608533173/original.jpg,https://inaturalist-open-data.s3.amazonaws.com/photos/608533169/original.jpg,https://inaturalist-open-data.s3.amazonaws.com/photos/608533180/original.jpg,https://inaturalist-open-data.s3.amazonaws.com/photos/608533178/original.jpg,https://inaturalist-open-data.s3.amazonaws.com/photos/608533182/original.jpg,https://inaturalist-open-data.s3.amazonaws.com/photos/608533181/original.jpg,https://inaturalist-open-data.s3.amazonaws.com/photos/608533385/original.jpg,https://inaturalist-open-data.s3.amazonaws.com/photos/608533386/original.jpg,https://inaturalist-open-data.s3.amazonaws.com/photos/608533387/original.jpg,https://inaturalist-open-data.s3.amazonaws.com/photos/608533384/original.jpg,https://inaturalist-open-data.s3.amazonaws.com/photos/608533381/original.jpg,https://inaturalist-open-data.s3.amazonaws.com/photos/608533383/original.jpg,https://inaturalist-open-data.s3.amazonaws.com/photos/608533400/original.jpg,https://inaturalist-open-data.s3.amazonaws.com/photos/608533403/original.jpg,https://inaturalist-open-data.s3.amazonaws.com/photos/608533404/original.jpg,https://inaturalist-open-data.s3.amazonaws.com/photos/608533407/original.jpg,https://inaturalist-open-data.s3.amazonaws.com/photos/608533837/original.jpg,https://inaturalist-open-data.s3.amazonaws.com/photos/608533838/original.jpg,https://inaturalist-open-data.s3.amazonaws.com/photos/608533843/original.jpg,https://inaturalist-open-data.s3.amazonaws.com/photos/608533846/original.jpg,https://inaturalist-open-data.s3.amazonaws.com/photos/608533844/original.jpg,https://inaturalist-open-data.s3.amazonaws.com/photos/608533842/original.jpg,https://inaturalist-open-data.s3.amazonaws.com/photos/608533862/original.jpg,https://inaturalist-open-data.s3.amazonaws.com/photos/608533866/original.jpg,https://inaturalist-open-data.s3.amazonaws.com/photos/608533867/original.jpg,https://inaturalist-open-data.s3.amazonaws.com/photos/608533863/original.jpg,https://inaturalist-open-data.s3.amazonaws.com/photos/608533865/original.jpg,https://inaturalist-open-data.s3.amazonaws.com/photos/608530308/original.jpg,https://inaturalist-open-data.s3.amazonaws.com/photos/608530315/original.jpg,https://inaturalist-open-data.s3.amazonaws.com/photos/608530311/original.jpg"
Sago Palm,"https://static.inaturalist.org/photos/619913650/original.jpg,https://inaturalist-open-data.s3.amazonaws.com/photos/619911439/original.jpg,https://inaturalist-open-data.s3.amazonaws.com/photos/619882683/original.jpg,https://inaturalist-open-data.s3.amazonaws.com/photos/619876958/original.jpg,https://inaturalist-open-data.s3.amazonaws.com/photos/619864495/original.jpg"
Scabiosa (Pincushion Flower),"https://www.johnnyseeds.com/dw/image/v2/BJGJ_PRD/on/demandware.static/-/Sites-jss-master/default/dw28cd0d23/images/products/flowers/04759_01_triple_berry_mix.jpg?sw=800&sh=800,https://www.thespruce.com/thmb/GdJnczTYiy_I0q9hTEv42B8qZYk=/2848x0/filters:no_upscale():max_bytes(150000):strip_icc()/pincushion-flower-1316042-hero-d79da19692f1453fad6ade940b57b468.jpg,https://www.thespruce.com/thmb/Iw9nyGIWA9JRpNrTd8oXqQnrumA=/1500x0/filters:no_upscale():max_bytes(150000):strip_icc()/pincushion-flower-1316042-02-986f065e0ffe49cd85a512f997556a27.jpg"
Scilla,"https://inaturalist-open-data.s3.amazonaws.com/photos/619921453/original.jpg,https://static.inaturalist.org/photos/619920780/original.jpg,https://static.inaturalist.org/photos/619920809/original.jpg,https://static.inaturalist.org/photos/619920838/original.jpg,https://inaturalist-open-data.s3.amazonaws.com/photos/619918459/original.jpg,https://inaturalist-open-data.s3.amazonaws.com/photos/619918461/original.jpg,https://inaturalist-open-data.s3.amazonaws.com/photos/619886445/original.jpg,https://inaturalist-open-data.s3.amazonaws.com/photos/619886506/original.jpg,https://static.inaturalist.org/photos/619912340/original.jpg"
Sedge,"https://inaturalist-open-data.s3.amazonaws.com/photos/619921327/original.jpg,https://inaturalist-open-data.s3.amazonaws.com/photos/619921852/original.jpg,https://inaturalist-open-data.s3.amazonaws.com/photos/619921853/original.jpg,https://inaturalist-open-data.s3.amazonaws.com/photos/619921855/original.jpg,https://inaturalist-open-data.s3.amazonaws.com/photos/619919819/original.jpg,https://inaturalist-open-data.s3.amazonaws.com/photos/619919815/original.jpg,https://inaturalist-open-data.s3.amazonaws.com/photos/619919818/original.jpg,https://inaturalist-open-data.s3.amazonaws.com/photos/619919837/original.jpg,https://inaturalist-open-data.s3.amazonaws.com/photos/619919307/original.jpg,https://inaturalist-open-data.s3.amazonaws.com/photos/619919308/original.jpg,https://inaturalist-open-data.s3.amazonaws.com/photos/619919311/original.jpg,https://inaturalist-open-data.s3.amazonaws.com/photos/619919310/original.jpg,https://inaturalist-open-data.s3.amazonaws.com/photos/619918752/original.jpg,https://inaturalist-open-data.s3.amazonaws.com/photos/619918980/original.jpg,https://inaturalist-open-data.s3.amazonaws.com/photos/619918993/original.jpg,https://inaturalist-open-data.s3.amazonaws.com/photos/619919015/original.jpg,https://static.inaturalist.org/photos/619906748/original.jpg"
Silene (Catchfly),"https://www.applewoodseed.com/wp-content/uploads/2016/12/SARM-703.jpg,https://www.gardenia.net/wp-content/uploads/2023/05/silene-armeria-garden-catchfly-780x520.webp,https://sciotogardens.com/wp-content/uploads/2020/08/Silene-regia-Royal-Catchfly-with-Caught-Fly-scaled.jpg"
Silverbell Tree,"https://theplantnative.com/wp-content/uploads/2023/11/carolina-silverbell-in-bloom-native-tree.webp,https://hgic.clemson.edu/wp-content/uploads/2018/02/two-winged-silverbell-halesia-diptera-blooms-han.jpeg,https://upload.wikimedia.org/wikipedia/commons/2/24/Halesia_carolina3.jpg"
Soursop,"https://inaturalist-open-data.s3.amazonaws.com/photos/619917045/original.jpg,https://inaturalist-open-data.s3.amazonaws.com/photos/619917289/original.jpg,https://inaturalist-open-data.s3.amazonaws.com/photos/619914276/original.jpg,https://inaturalist-open-data.s3.amazonaws.com/photos/619914308/original.jpg,https://inaturalist-open-data.s3.amazonaws.com/photos/619912534/original.jpg,https://inaturalist-open-data.s3.amazonaws.com/photos/619907695/original.jpg,https://inaturalist-open-data.s3.amazonaws.com/photos/619895370/original.jpg"
Sugarcane,"https://inaturalist-open-data.s3.amazonaws.com/photos/619806847/original.jpg,https://inaturalist-open-data.s3.amazonaws.com/photos/619806862/original.jpg,https://inaturalist-open-data.s3.amazonaws.com/photos/619707430/original.jpg,https://inaturalist-open-data.s3.amazonaws.com/photos/619686112/original.jpg,https://inaturalist-open-data.s3.amazonaws.com/photos/619686890/original.jpg,https://inaturalist-open-data.s3.amazonaws.com/photos/619677397/original.jpg,https://inaturalist-open-data.s3.amazonaws.com/photos/619614852/original.jpg"
Tansy,"https://inaturalist-open-data.s3.amazonaws.com/photos/619915366/original.jpg,https://inaturalist-open-data.s3.amazonaws.com/photos/619916409/original.jpg,https://inaturalist-open-data.s3.amazonaws.com/photos/619916472/original.jpg,https://static.inaturalist.org/photos/619914851/original.jpg,https://static.inaturalist.org/photos/619914877/original.jpg,https://inaturalist-open-data.s3.amazonaws.com/photos/619913463/original.jpg,https://inaturalist-open-data.s3.amazonaws.com/photos/619913499/original.jpg,https://inaturalist-open-data.s3.amazonaws.com/photos/619909619/original.jpg"
Teak,"https://inaturalist-open-data.s3.amazonaws.com/photos/619891356/original.jpg,https://inaturalist-open-data.s3.amazonaws.com/photos/619893692/original.jpg,https://inaturalist-open-data.s3.amazonaws.com/photos/619888014/original.jpg,https://inaturalist-open-data.s3.amazonaws.com/photos/619818855/original.jpg,https://static.inaturalist.org/photos/619769942/original.jpg"
Themeda (Kangaroo Grass),"https://futurebeef.com.au/wp-content/uploads/2011/09/DSC_0253-1.jpg,https://dhseedharvestco.com/cdn/shop/files/R_7_1000x.jpg?v=1687971670,https://plantsandlandscapes.com.au/wp-content/uploads/2019/04/Themeda_australis.jpg"
Tobacco Plant,"https://inaturalist-open-data.s3.amazonaws.com/photos/619923410/original.jpg,https://inaturalist-open-data.s3.amazonaws.com/photos/619900627/original.jpg,https://inaturalist-open-data.s3.amazonaws.com/photos/619900669/original.jpg,https://inaturalist-open-data.s3.amazonaws.com/photos/619900704/original.jpg,https://inaturalist-open-data.s3.amazonaws.com/photos/619856820/original.jpg,https://inaturalist-open-data.s3.amazonaws.com/photos/619856813/original.jpg,https://static.inaturalist.org/photos/619853275/original.jpg,https://inaturalist-open-data.s3.amazonaws.com/photos/619837207/original.jpg"
Tuberose (Polianthes),"https://www.dutchbulbs.com/cdn/shop/files/73141.webp?v=1743400473,https://cdn11.bigcommerce.com/s-asrnch/product_images/uploaded_images/single-tuberoses-600-x-400-.jpg,https://cdn11.bigcommerce.com/s-asrnch/images/stencil/1280x1280/products/4731/14397/shutterstock_1410448697__49264.1710965681.jpg?c=2"
Water Lily,"https://static.inaturalist.org/photos/619900249/original.jpg,https://inaturalist-open-data.s3.amazonaws.com/photos/619896000/original.jpg,https://inaturalist-open-data.s3.amazonaws.com/photos/619873267/original.jpg,https://inaturalist-open-data.s3.amazonaws.com/photos/619869446/original.jpg,https://static.inaturalist.org/photos/619868271/original.jpg"
Wattle,"https://inaturalist-open-data.s3.amazonaws.com/photos/619923113/original.jpg,https://static.inaturalist.org/photos/619921538/original.jpg,https://inaturalist-open-data.s3.amazonaws.com/photos/619918267/original.jpg,https://inaturalist-open-data.s3.amazonaws.com/photos/619918264/original.jpg,https://inaturalist-open-data.s3.amazonaws.com/photos/619918270/original.jpg,https://inaturalist-open-data.s3.amazonaws.com/photos/619918258/original.jpg,https://inaturalist-open-data.s3.amazonaws.com/photos/619918268/original.jpg,https://inaturalist-open-data.s3.amazonaws.com/photos/619917840/original.jpg,https://inaturalist-open-data.s3.amazonaws.com/photos/619917662/original.jpg"
Yew,"https://inaturalist-open-data.s3.amazonaws.com/photos/619903633/original.jpg,https://inaturalist-open-data.s3.amazonaws.com/photos/619903254/original.jpg,https://inaturalist-open-data.s3.amazonaws.com/photos/619898031/original.jpg,https://inaturalist-open-data.s3.amazonaws.com/photos/619897963/original.jpg,https://inaturalist-open-data.s3.amazonaws.com/photos/619895938/original.jpg"
Zea Mays (Corn),"https://cdn.britannica.com/65/120965-050-1A70BF40/Corn.jpg,https://www.illinoiswildflowers.info/grasses/photos/corn1.jpg,https://encrypted-tbn0.gstatic.com/images?q=tbn:ANd9GcRP5gA-hcnlyCW8pQ2poSADMwU3jZPK9hRG_Q&s"
Zebra Grass,"https://inaturalist-open-data.s3.amazonaws.com/photos/619847083/original.jpg,https://static.inaturalist.org/photos/619829788/original.jpg,https://static.inaturalist.org/photos/619830082/original.jpg,https://inaturalist-open-data.s3.amazonaws.com/photos/619802512/original.jpg,https://inaturalist-open-data.s3.amazonaws.com/photos/619790551/original.jpg,https://inaturalist-open-data.s3.amazonaws.com/photos/619790606/original.jpg,https://inaturalist-open-data.s3.amazonaws.com/photos/619705450/original.jpg,https://inaturalist-open-data.s3.amazonaws.com/photos/619705449/original.jpg"
Zoysia Grass,"https://info.supersod.com/hubfs/Super-Sod%20BLOG/Long%20Unmowed%20Zoysia/long-unmowed-zoysia1.jpeg,https://wesellgrass.com/wp-content/uploads/2020/12/emerald-zoysia.jpg,https://thegrassoutlet.com/wp-content/uploads/Zeon-1-scaled.jpeg"
Achillea (Yarrow),"https://www.whiteflowerfarm.com/mas_assets/cache/image/8/8/5/b/34907.Jpg,https://www.everwilde.com/media//0800/resized/FACHMIR-A-Red-Yarrow-Seeds_medium.jpg,https://www.gardenia.net/wp-content/uploads/2023/05/achillea-terracotta-yarrow-780x520.webp"
Angelonia,"https://inaturalist-open-data.s3.amazonaws.com/photos/619786497/original.jpg,https://inaturalist-open-data.s3.amazonaws.com/photos/619583130/original.jpg,https://inaturalist-open-data.s3.amazonaws.com/photos/619583062/original.jpg,https://inaturalist-open-data.s3.amazonaws.com/photos/619583086/original.jpg,https://inaturalist-open-data.s3.amazonaws.com/photos/619583085/original.jpg,https://inaturalist-open-data.s3.amazonaws.com/photos/619583093/original.jpg,https://inaturalist-open-data.s3.amazonaws.com/photos/619583129/original.jpg,https://inaturalist-open-data.s3.amazonaws.com/photos/619583133/original.jpg,https://inaturalist-open-data.s3.amazonaws.com/photos/619496007/original.jpg,https://inaturalist-open-data.s3.amazonaws.com/photos/619496027/original.jpg,https://inaturalist-open-data.s3.amazonaws.com/photos/619496051/original.jpg,https://inaturalist-open-data.s3.amazonaws.com/photos/619496181/original.jpg,https://inaturalist-open-data.s3.amazonaws.com/photos/619496190/original.jpg,https://inaturalist-open-data.s3.amazonaws.com/photos/619461857/original.jpg,https://static.inaturalist.org/photos/618949207/original.jpg,https://static.inaturalist.org/photos/618949227/original.jpg,https://static.inaturalist.org/photos/618949237/original.jpg,https://static.inaturalist.org/photos/618949255/original.jpg,https://static.inaturalist.org/photos/618949270/original.jpg,https://static.inaturalist.org/photos/618949291/original.jpg,https://static.inaturalist.org/photos/618949314/original.jpg,https://static.inaturalist.org/photos/618949327/original.jpg,https://static.inaturalist.org/photos/618949339/original.jpg,https://static.inaturalist.org/photos/618949352/original.jpg,https://static.inaturalist.org/photos/618949359/original.jpg,https://static.inaturalist.org/photos/618949378/original.jpg,https://static.inaturalist.org/photos/618949403/original.jpg,https://static.inaturalist.org/photos/618949428/original.jpg,https://static.inaturalist.org/photos/618949459/original.jpg,https://static.inaturalist.org/photos/618949475/original.jpg,https://static.inaturalist.org/photos/618949493/original.jpg,https://static.inaturalist.org/photos/618949519/original.jpg,https://static.inaturalist.org/photos/618949536/original.jpg,https://static.inaturalist.org/photos/618949550/original.jpg"
Armeria (Thrift),"https://sparrowhawknativeplants.com/cdn/shop/files/Armeria.maritima-manyflowers_iNat_753x.jpg?v=1716916634,https://encrypted-tbn0.gstatic.com/images?q=tbn:ANd9GcRDpY32nGY4lH-MQud8bQdvNpCZEea4CO3rPQ&s,https://plantsexpress.com/cdn/shop/files/Sea-pink-thrift-3.jpg?v=1684522737&width=1946"
Bearded Iris,"https://inaturalist-open-data.s3.amazonaws.com/photos/619803161/original.jpg,https://inaturalist-open-data.s3.amazonaws.com/photos/619803181/original.jpg,https://inaturalist-open-data.s3.amazonaws.com/photos/619803190/original.jpg,https://inaturalist-open-data.s3.amazonaws.com/photos/619590766/original.jpg,https://inaturalist-open-data.s3.amazonaws.com/photos/619338574/original.jpg,https://static.inaturalist.org/photos/619260710/original.jpg,https://static.inaturalist.org/photos/619260744/original.jpg,https://static.inaturalist.org/photos/619260784/original.jpg,https://inaturalist-open-data.s3.amazonaws.com/photos/618897632/original.jpg,https://inaturalist-open-data.s3.amazonaws.com/photos/618897646/original.jpg"
Bergamot,"https://inaturalist-open-data.s3.amazonaws.com/photos/619922494/original.jpg,https://inaturalist-open-data.s3.amazonaws.com/photos/619842762/original.jpg,https://inaturalist-open-data.s3.amazonaws.com/photos/619842784/original.jpg,https://inaturalist-open-data.s3.amazonaws.com/photos/619711272/original.jpg,https://inaturalist-open-data.s3.amazonaws.com/photos/619699991/original.jpg,https://inaturalist-open-data.s3.amazonaws.com/photos/619700023/original.jpg,https://inaturalist-open-data.s3.amazonaws.com/photos/619701730/original.jpg,https://inaturalist-open-data.s3.amazonaws.com/photos/619672450/original.jpg,https://inaturalist-open-data.s3.amazonaws.com/photos/619672454/original.jpg"
Bigleaf Hydrangea,"https://inaturalist-open-data.s3.amazonaws.com/photos/619907544/original.jpg,https://inaturalist-open-data.s3.amazonaws.com/photos/619899576/original.jpg,https://inaturalist-open-data.s3.amazonaws.com/photos/619889711/original.jpg,https://inaturalist-open-data.s3.amazonaws.com/photos/619870607/original.jpg,https://inaturalist-open-data.s3.amazonaws.com/photos/619824494/original.jpg"
Black Currant,"https://inaturalist-open-data.s3.amazonaws.com/photos/619775574/original.jpg,https://inaturalist-open-data.s3.amazonaws.com/photos/619775812/original.jpg,https://inaturalist-open-data.s3.amazonaws.com/photos/619775827/original.jpg,https://inaturalist-open-data.s3.amazonaws.com/photos/619775829/original.jpg,https://inaturalist-open-data.s3.amazonaws.com/photos/618846036/original.jpg,https://inaturalist-open-data.s3.amazonaws.com/photos/618401296/original.jpg,https://inaturalist-open-data.s3.amazonaws.com/photos/618401284/original.jpg,https://inaturalist-open-data.s3.amazonaws.com/photos/618242389/original.jpg,https://inaturalist-open-data.s3.amazonaws.com/photos/618242592/original.jpg,https://inaturalist-open-data.s3.amazonaws.com/photos/617862637/original.jpg,https://inaturalist-open-data.s3.amazonaws.com/photos/617862615/original.jpg,https://inaturalist-open-data.s3.amazonaws.com/photos/617862612/original.jpg,https://inaturalist-open-data.s3.amazonaws.com/photos/617862592/original.jpg,https://inaturalist-open-data.s3.amazonaws.com/photos/617862593/original.jpg"
Blazing Star,"https://inaturalist-open-data.s3.amazonaws.com/photos/619902498/original.jpg,https://inaturalist-open-data.s3.amazonaws.com/photos/619902530/original.jpg,https://inaturalist-open-data.s3.amazonaws.com/photos/619890799/original.jpg,https://inaturalist-open-data.s3.amazonaws.com/photos/619886673/original.jpg,https://inaturalist-open-data.s3.amazonaws.com/photos/619886672/original.jpg,https://inaturalist-open-data.s3.amazonaws.com/photos/619886684/original.jpg,https://inaturalist-open-data.s3.amazonaws.com/photos/619886685/original.jpg,https://inaturalist-open-data.s3.amazonaws.com/photos/619888052/original.jpg,https://inaturalist-open-data.s3.amazonaws.com/photos/619888079/original.jpg,https://inaturalist-open-data.s3.amazonaws.com/photos/619879164/original.jpg"
Bloodroot,"https://static.inaturalist.org/photos/619917392/original.jpg,https://inaturalist-open-data.s3.amazonaws.com/photos/619880260/original.jpg,https://inaturalist-open-data.s3.amazonaws.com/photos/619880300/original.jpg,https://inaturalist-open-data.s3.amazonaws.com/photos/619880346/original.jpg,https://inaturalist-open-data.s3.amazonaws.com/photos/619880363/original.jpg,https://inaturalist-open-data.s3.amazonaws.com/photos/619859086/original.jpg,https://inaturalist-open-data.s3.amazonaws.com/photos/619835614/original.jpg,https://inaturalist-open-data.s3.amazonaws.com/photos/619835633/original.jpg,https://inaturalist-open-data.s3.amazonaws.com/photos/619835645/original.jpg,https://inaturalist-open-data.s3.amazonaws.com/photos/619835659/original.jpg,https://inaturalist-open-data.s3.amazonaws.com/photos/619835668/original.jpg,https://inaturalist-open-data.s3.amazonaws.com/photos/619835681/original.jpg,https://inaturalist-open-data.s3.amazonaws.com/photos/619835695/original.jpg,https://inaturalist-open-data.s3.amazonaws.com/photos/619754974/original.jpg,https://inaturalist-open-data.s3.amazonaws.com/photos/619754997/original.jpg,https://inaturalist-open-data.s3.amazonaws.com/photos/619755027/original.jpg,https://inaturalist-open-data.s3.amazonaws.com/photos/619755030/original.jpg,https://inaturalist-open-data.s3.amazonaws.com/photos/619755031/original.jpg,https://inaturalist-open-data.s3.amazonaws.com/photos/619755054/original.jpg,https://inaturalist-open-data.s3.amazonaws.com/photos/619755058/original.jpg,https://inaturalist-open-data.s3.amazonaws.com/photos/619755061/original.jpg,https://inaturalist-open-data.s3.amazonaws.com/photos/619755081/original.jpg,https://inaturalist-open-data.s3.amazonaws.com/photos/619755669/original.jpg,https://inaturalist-open-data.s3.amazonaws.com/photos/619755661/original.jpg,https://inaturalist-open-data.s3.amazonaws.com/photos/619755663/original.jpg,https://inaturalist-open-data.s3.amazonaws.com/photos/619755674/original.jpg,https://inaturalist-open-data.s3.amazonaws.com/photos/619755677/original.jpg,https://inaturalist-open-data.s3.amazonaws.com/photos/619755700/original.jpg,https://inaturalist-open-data.s3.amazonaws.com/photos/619755701/original.jpg"
California Poppy,"https://inaturalist-open-data.s3.amazonaws.com/photos/619922065/original.jpg,https://inaturalist-open-data.s3.amazonaws.com/photos/619920586/original.jpg,https://inaturalist-open-data.s3.amazonaws.com/photos/619899807/original.jpg,https://inaturalist-open-data.s3.amazonaws.com/photos/619894321/original.jpg,https://inaturalist-open-data.s3.amazonaws.com/photos/619894356/original.jpg,https://inaturalist-open-data.s3.amazonaws.com/photos/619893599/original.jpg"
Carob Tree,"https://inaturalist-open-data.s3.amazonaws.com/photos/619923120/original.jpg,https://inaturalist-open-data.s3.amazonaws.com/photos/619919081/original.jpg,https://inaturalist-open-data.s3.amazonaws.com/photos/619895151/original.jpg,https://inaturalist-open-data.s3.amazonaws.com/photos/619880251/original.jpg,https://inaturalist-open-data.s3.amazonaws.com/photos/619880287/original.jpg,https://inaturalist-open-data.s3.amazonaws.com/photos/619786567/original.jpg"
Chinese Lantern Plant,"https://static.inaturalist.org/photos/571173223/original.jpg,https://inaturalist-open-data.s3.amazonaws.com/photos/542082558/original.jpg,https://inaturalist-open-data.s3.amazonaws.com/photos/542082589/original.jpg,https://inaturalist-open-data.s3.amazonaws.com/photos/542082615/original.jpg,https://inaturalist-open-data.s3.amazonaws.com/photos/537428721/original.jpg,https://inaturalist-open-data.s3.amazonaws.com/photos/537428752/original.jpg,https://inaturalist-open-data.s3.amazonaws.com/photos/537428585/original.jpg,https://inaturalist-open-data.s3.amazonaws.com/photos/537428615/original.jpg,https://static.inaturalist.org/photos/518102185/original.jpg"
Clover,"https://inaturalist-open-data.s3.amazonaws.com/photos/619922461/original.jpg,https://inaturalist-open-data.s3.amazonaws.com/photos/619922399/original.jpg,https://inaturalist-open-data.s3.amazonaws.com/photos/619924000/original.jpg,https://inaturalist-open-data.s3.amazonaws.com/photos/619923993/original.jpg,https://inaturalist-open-data.s3.amazonaws.com/photos/619923955/original.jpg,https://inaturalist-open-data.s3.amazonaws.com/photos/619924117/original.jpg,https://inaturalist-open-data.s3.amazonaws.com/photos/619921671/original.jpg"
Coltsfoot,"https://inaturalist-open-data.s3.amazonaws.com/photos/619917802/original.jpg,https://inaturalist-open-data.s3.amazonaws.com/photos/619917944/original.jpg,https://static.inaturalist.org/photos/619917573/original.jpg,https://static.inaturalist.org/photos/619917680/original.jpg,https://inaturalist-open-data.s3.amazonaws.com/photos/619917308/original.jpg,https://inaturalist-open-data.s3.amazonaws.com/photos/619917341/original.jpg,https://inaturalist-open-data.s3.amazonaws.com/photos/619916089/original.jpg,https://inaturalist-open-data.s3.amazonaws.com/photos/619916203/original.jpg"
Daffodils,"https://inaturalist-open-data.s3.amazonaws.com/photos/619923950/original.jpg,https://inaturalist-open-data.s3.amazonaws.com/photos/619923945/original.jpg,https://inaturalist-open-data.s3.amazonaws.com/photos/619922759/original.jpg,https://inaturalist-open-data.s3.amazonaws.com/photos/619921422/original.jpg,https://inaturalist-open-data.s3.amazonaws.com/photos/619920359/original.jpg,https://inaturalist-open-data.s3.amazonaws.com/photos/619916787/original.jpg,https://inaturalist-open-data.s3.amazonaws.com/photos/619916801/original.jpg"
Daisy Fleabane,"https://inaturalist-open-data.s3.amazonaws.com/photos/619895342/original.jpg,https://inaturalist-open-data.s3.amazonaws.com/photos/619895457/original.jpg,https://inaturalist-open-data.s3.amazonaws.com/photos/619872933/original.jpg,https://inaturalist-open-data.s3.amazonaws.com/photos/619866508/original.jpg,https://inaturalist-open-data.s3.amazonaws.com/photos/619864560/original.jpg,https://inaturalist-open-data.s3.amazonaws.com/photos/619841213/original.jpg"
Dogwood Tree,"https://idiggreenacres.com/cdn/shop/products/Cornus_Dogwood_RubraSideYard_1024x1024.jpg?v=1585929935,https://www.tnnursery.net/cdn/shop/files/Pink_Dogwood_Tree_On_Sale.png?v=1771605858,https://cdn.shopify.com/s/files/1/0059/8835/2052/products/White_Dogwood_15_FGT.jpg?v=1627070656"
Dragonfruit Cactus,"https://i.ebayimg.com/images/g/GHoAAOSwofdbb5ly/s-l1200.jpg,https://cdn.shopify.com/s/files/1/0059/8835/2052/products/Dragon_Fruit_Cactus_5.jpg?v=1623350380,https://encrypted-tbn0.gstatic.com/images?q=tbn:ANd9GcR0kGP93qbZf16CWlT9kk3xXHxMpCA9LIteYg&s"
Engelmann Spruce,"https://inaturalist-open-data.s3.amazonaws.com/photos/619917745/original.jpg,https://inaturalist-open-data.s3.amazonaws.com/photos/619916710/original.jpg,https://inaturalist-open-data.s3.amazonaws.com/photos/619916788/original.jpg,https://inaturalist-open-data.s3.amazonaws.com/photos/619851544/original.jpg,https://inaturalist-open-data.s3.amazonaws.com/photos/619546455/original.jpg,https://inaturalist-open-data.s3.amazonaws.com/photos/619546463/original.jpg,https://static.inaturalist.org/photos/619537956/original.jpg,https://inaturalist-open-data.s3.amazonaws.com/photos/619470945/original.jpg"
Fairy Lantern,"https://inaturalist-open-data.s3.amazonaws.com/photos/619455635/original.jpg,https://inaturalist-open-data.s3.amazonaws.com/photos/619442381/original.jpg,https://inaturalist-open-data.s3.amazonaws.com/photos/619442380/original.jpg,https://inaturalist-open-data.s3.amazonaws.com/photos/619135624/original.jpg,https://inaturalist-open-data.s3.amazonaws.com/photos/619135625/original.jpg,https://inaturalist-open-data.s3.amazonaws.com/photos/618795056/original.jpg,https://inaturalist-open-data.s3.amazonaws.com/photos/618795334/original.jpg,https://inaturalist-open-data.s3.amazonaws.com/photos/618479869/original.jpg"
Fritillaria,"https://inaturalist-open-data.s3.amazonaws.com/photos/619919668/original.jpg,https://inaturalist-open-data.s3.amazonaws.com/photos/619907047/original.jpg,https://inaturalist-open-data.s3.amazonaws.com/photos/619907000/original.jpg,https://inaturalist-open-data.s3.amazonaws.com/photos/619907021/original.jpg,https://inaturalist-open-data.s3.amazonaws.com/photos/619907076/original.jpg,https://inaturalist-open-data.s3.amazonaws.com/photos/619900211/original.jpg,https://inaturalist-open-data.s3.amazonaws.com/photos/619900235/original.jpg,https://inaturalist-open-data.s3.amazonaws.com/photos/619899863/original.jpg,https://inaturalist-open-data.s3.amazonaws.com/photos/619899905/original.jpg,https://inaturalist-open-data.s3.amazonaws.com/photos/619899935/original.jpg,https://inaturalist-open-data.s3.amazonaws.com/photos/619898930/original.jpg,https://inaturalist-open-data.s3.amazonaws.com/photos/619898957/original.jpg,https://inaturalist-open-data.s3.amazonaws.com/photos/619898994/original.jpg,https://inaturalist-open-data.s3.amazonaws.com/photos/619899036/original.jpg"
Galax,"https://inaturalist-open-data.s3.amazonaws.com/photos/619866331/original.jpg,https://inaturalist-open-data.s3.amazonaws.com/photos/619865239/original.jpg,https://inaturalist-open-data.s3.amazonaws.com/photos/619865322/original.jpg,https://inaturalist-open-data.s3.amazonaws.com/photos/619295936/original.jpg,https://static.inaturalist.org/photos/619059938/original.jpg,https://inaturalist-open-data.s3.amazonaws.com/photos/619005228/original.jpg"
Ginkgo,"https://inaturalist-open-data.s3.amazonaws.com/photos/619886315/original.jpg,https://static.inaturalist.org/photos/619773337/original.jpg,https://static.inaturalist.org/photos/619623694/original.jpg,https://static.inaturalist.org/photos/619623709/original.jpg,https://static.inaturalist.org/photos/619535127/original.jpg,https://inaturalist-open-data.s3.amazonaws.com/photos/619504271/original.jpg,https://inaturalist-open-data.s3.amazonaws.com/photos/619504274/original.jpg,https://inaturalist-open-data.s3.amazonaws.com/photos/619504282/original.jpg"
Grape Hyacinth,"https://inaturalist-open-data.s3.amazonaws.com/photos/619922749/original.jpg,https://inaturalist-open-data.s3.amazonaws.com/photos/619922761/original.jpg,https://inaturalist-open-data.s3.amazonaws.com/photos/619922786/original.jpg,https://inaturalist-open-data.s3.amazonaws.com/photos/619922779/original.jpg,https://inaturalist-open-data.s3.amazonaws.com/photos/619922773/original.jpg,https://inaturalist-open-data.s3.amazonaws.com/photos/619921865/original.jpg,https://inaturalist-open-data.s3.amazonaws.com/photos/619921453/original.jpg,https://inaturalist-open-data.s3.amazonaws.com/photos/619916633/original.jpg"
Guar,"https://inaturalist-open-data.s3.amazonaws.com/photos/619655818/original.jpg,https://inaturalist-open-data.s3.amazonaws.com/photos/619655847/original.jpg,https://static.inaturalist.org/photos/619453648/original.jpg,https://static.inaturalist.org/photos/619453568/original.jpg,https://static.inaturalist.org/photos/619384365/original.jpg,https://inaturalist-open-data.s3.amazonaws.com/photos/618985892/original.jpg,https://inaturalist-open-data.s3.amazonaws.com/photos/618985899/original.jpg,https://inaturalist-open-data.s3.amazonaws.com/photos/618985887/original.jpg,https://inaturalist-open-data.s3.amazonaws.com/photos/618790846/original.jpg"
Gumwood Tree,"https://maginams.ca//wp-content/uploads/2010/03/2010.09.29-ghost-gum-in-Alice-Springs-Telegraph-Station-Historical-Reserve-848x1024.jpg,https://www.thespruce.com/thmb/QVgPuCfJR3BKKP5BheDXxsGNpLo=/1500x0/filters:no_upscale():max_bytes(150000):strip_icc()/lemon-scented-gums-at-parramatta-park-951313170-9224fb83c5244e7eac5c52152141a351.jpg,https://www.thespruce.com/thmb/Y9fdi_PyZtYEhccs7tN3gNIt3qk=/1500x0/filters:no_upscale():max_bytes(150000):strip_icc()/rainbow-eucalyptus-tree-978491732-e9bf64d9886744cda0c98f745a5c038c.jpg"
Goldenrods,"https://inaturalist-open-data.s3.amazonaws.com/photos/619920317/original.jpg,https://inaturalist-open-data.s3.amazonaws.com/photos/619920318/original.jpg,https://inaturalist-open-data.s3.amazonaws.com/photos/619899271/original.jpg,https://inaturalist-open-data.s3.amazonaws.com/photos/619899276/original.jpg,https://inaturalist-open-data.s3.amazonaws.com/photos/619899249/original.jpg,https://inaturalist-open-data.s3.amazonaws.com/photos/619913878/original.jpg,https://inaturalist-open-data.s3.amazonaws.com/photos/619910505/original.jpg,https://inaturalist-open-data.s3.amazonaws.com/photos/619910539/original.jpg"
Goldenseal,"https://inaturalist-open-data.s3.amazonaws.com/photos/617624007/original.jpg,https://inaturalist-open-data.s3.amazonaws.com/photos/615869255/original.jpg,https://inaturalist-open-data.s3.amazonaws.com/photos/612990790/original.jpg,https://static.inaturalist.org/photos/611362697/original.jpg,https://static.inaturalist.org/photos/611362713/original.jpg,https://static.inaturalist.org/photos/611362715/original.jpg,https://inaturalist-open-data.s3.amazonaws.com/photos/610375580/original.jpg,https://inaturalist-open-data.s3.amazonaws.com/photos/610472598/original.jpg,https://inaturalist-open-data.s3.amazonaws.com/photos/610472634/original.jpg"
Heliopsis,"https://inaturalist-open-data.s3.amazonaws.com/photos/619645155/original.jpg,https://inaturalist-open-data.s3.amazonaws.com/photos/619445544/original.jpg,https://inaturalist-open-data.s3.amazonaws.com/photos/619227152/original.jpg,https://inaturalist-open-data.s3.amazonaws.com/photos/619227164/original.jpg,https://inaturalist-open-data.s3.amazonaws.com/photos/619208133/original.jpg,https://inaturalist-open-data.s3.amazonaws.com/photos/619208140/original.jpg,https://inaturalist-open-data.s3.amazonaws.com/photos/619208134/original.jpg,https://inaturalist-open-data.s3.amazonaws.com/photos/619002778/original.jpg"
Henbane,"https://inaturalist-open-data.s3.amazonaws.com/photos/619902580/original.jpg,https://inaturalist-open-data.s3.amazonaws.com/photos/619902358/original.jpg,https://inaturalist-open-data.s3.amazonaws.com/photos/619885346/original.jpg,https://inaturalist-open-data.s3.amazonaws.com/photos/619885393/original.jpg,https://inaturalist-open-data.s3.amazonaws.com/photos/619879458/original.jpg,https://inaturalist-open-data.s3.amazonaws.com/photos/619879494/original.jpg,https://static.inaturalist.org/photos/619836978/original.jpg"
Heracleum (Cow Parsnip),"https://newfs.s3.amazonaws.com/taxon-images-1000s1000/Apiaceae/heracleum-maximum-fl-gmittelhauser-e.jpg,https://sparrowhawknativeplants.com/cdn/shop/files/Heracleum.maximum-flowerclose_CC_1365x.jpg?v=1686114364,https://www.gardenia.net/wp-content/uploads/2023/05/heracleum-maximum.webp"
Hops Vine,"https://inaturalist-open-data.s3.amazonaws.com/photos/619423941/original.jpg,https://inaturalist-open-data.s3.amazonaws.com/photos/618772555/original.jpg,https://inaturalist-open-data.s3.amazonaws.com/photos/618674249/original.jpg,https://inaturalist-open-data.s3.amazonaws.com/photos/617959268/original.jpg,https://inaturalist-open-data.s3.amazonaws.com/photos/617959258/original.jpg,https://inaturalist-open-data.s3.amazonaws.com/photos/617959178/original.jpg,https://inaturalist-open-data.s3.amazonaws.com/photos/617959165/original.jpg,https://inaturalist-open-data.s3.amazonaws.com/photos/617959172/original.jpg,https://inaturalist-open-data.s3.amazonaws.com/photos/617959148/original.jpg"
Indian Grass,"https://static.inaturalist.org/photos/619922925/original.jpg,https://inaturalist-open-data.s3.amazonaws.com/photos/619899544/original.jpg,https://inaturalist-open-data.s3.amazonaws.com/photos/619891977/original.jpg,https://inaturalist-open-data.s3.amazonaws.com/photos/619883423/original.jpg,https://inaturalist-open-data.s3.amazonaws.com/photos/619882680/original.jpg"
Islander (Agave),https://inaturalist-open-data.s3.amazonaws.com/photos/251195684/original.jpg
Ironwood,"https://inaturalist-open-data.s3.amazonaws.com/photos/619921681/original.jpg,https://inaturalist-open-data.s3.amazonaws.com/photos/619921717/original.jpg,https://inaturalist-open-data.s3.amazonaws.com/photos/619921744/original.jpg,https://inaturalist-open-data.s3.amazonaws.com/photos/619921807/original.jpg,https://inaturalist-open-data.s3.amazonaws.com/photos/619921315/original.jpg,https://inaturalist-open-data.s3.amazonaws.com/photos/619918045/original.jpg,https://inaturalist-open-data.s3.amazonaws.com/photos/619918078/original.jpg,https://inaturalist-open-data.s3.amazonaws.com/photos/619918122/original.jpg,https://inaturalist-open-data.s3.amazonaws.com/photos/619917955/original.jpg,https://inaturalist-open-data.s3.amazonaws.com/photos/619917989/original.jpg,https://inaturalist-open-data.s3.amazonaws.com/photos/619917074/original.jpg,https://inaturalist-open-data.s3.amazonaws.com/photos/619917071/original.jpg"
Jerusalem Artichoke,"https://inaturalist-open-data.s3.amazonaws.com/photos/619855873/original.jpg,https://inaturalist-open-data.s3.amazonaws.com/photos/619857802/original.jpg,https://inaturalist-open-data.s3.amazonaws.com/photos/619691179/original.jpg,https://inaturalist-open-data.s3.amazonaws.com/photos/619422400/original.jpg,https://inaturalist-open-data.s3.amazonaws.com/photos/619340898/original.jpg,https://inaturalist-open-data.s3.amazonaws.com/photos/619334684/original.jpg"
Laelia Orchid,"https://www.irishorchidsociety.org/wp-content/uploads/2018/11/Laelia-anceps1.jpg,https://www.picturethisai.com/image-handle/website_cmsname/image/1080/154183317309095969.jpeg?x-oss-process=image/format,webp/resize,s_300&v=1.0,https://cdn.britannica.com/43/137543-050-C227F731/Laelia-anceps.jpg"
Ligustrum,"https://static.inaturalist.org/photos/619922210/original.jpg,https://static.inaturalist.org/photos/619922211/original.jpg,https://inaturalist-open-data.s3.amazonaws.com/photos/619921885/original.jpg,https://static.inaturalist.org/photos/619904997/original.jpg,https://inaturalist-open-data.s3.amazonaws.com/photos/619915300/original.jpg,https://inaturalist-open-data.s3.amazonaws.com/photos/619915298/original.jpg,https://inaturalist-open-data.s3.amazonaws.com/photos/619914519/original.jpg,https://inaturalist-open-data.s3.amazonaws.com/photos/619914553/original.jpg,https://inaturalist-open-data.s3.amazonaws.com/photos/619914603/original.jpg,https://inaturalist-open-data.s3.amazonaws.com/photos/619914627/original.jpg"
Lilac Tree,"https://inaturalist-open-data.s3.amazonaws.com/photos/619924291/original.jpg,https://inaturalist-open-data.s3.amazonaws.com/photos/619862285/original.jpg,https://inaturalist-open-data.s3.amazonaws.com/photos/619707208/original.jpg,https://inaturalist-open-data.s3.amazonaws.com/photos/619600500/original.jpg,https://inaturalist-open-data.s3.amazonaws.com/photos/619600526/original.jpg,https://inaturalist-open-data.s3.amazonaws.com/photos/619532544/original.jpg,https://inaturalist-open-data.s3.amazonaws.com/photos/619532559/original.jpg"
